title,author,year,isbn,rating,my_rating,pages,cover_url,goodreads_url,shelf,subtitle,publisher,language,format,edition,dimensions,weight,word_count,character_count,cover_art_full,cover_art_spine,cover_art_back,3d_mesh,notes,notes_search_url,bookmarks,quotes,highlights,epub_link,buy_link
How Judges Think,,,0674028201,,0,,https://covers.openlibrary.org/b/isbn/0674028201-L.jpg,,read,,,,,,,,,,https://covers.openlibrary.org/b/isbn/0674028201-L.jpg,https://covers.openlibrary.org/b/isbn/0674028201-M.jpg,https://covers.openlibrary.org/b/isbn/0674028201-S.jpg,,,https://x.com/search?q=from%3Apatrickcollison+How+Judges+Think&src=typed_query,,,,https://openlibrary.org/isbn/0674028201,http://amazon.com/dp/0674028201
Aftermath,,,0830642838,,0,,https://covers.openlibrary.org/b/isbn/0830642838-L.jpg,,read,,,,,,,,,,https://covers.openlibrary.org/b/isbn/0830642838-L.jpg,https://covers.openlibrary.org/b/isbn/0830642838-M.jpg,https://covers.openlibrary.org/b/isbn/0830642838-S.jpg,,,https://x.com/search?q=from%3Apatrickcollison+Aftermath&src=typed_query,,,,https://openlibrary.org/isbn/0830642838,http://amazon.com/dp/0830642838
The Outbreak of the Peloponnesian War,,,0801405017,,0,,https://covers.openlibrary.org/b/isbn/0801405017-L.jpg,,read,,,,,,,,,,https://covers.openlibrary.org/b/isbn/0801405017-L.jpg,https://covers.openlibrary.org/b/isbn/0801405017-M.jpg,https://covers.openlibrary.org/b/isbn/0801405017-S.jpg,,,https://x.com/search?q=from%3Apatrickcollison+The+Outbreak+of+the+Peloponnesian+War&src=typed_query,,,,https://openlibrary.org/isbn/0801405017,http://amazon.com/dp/0801405017
The Rise and Fall of American Growth,,,0691147728,,5,,https://covers.openlibrary.org/b/isbn/0691147728-L.jpg,,favorites,The U.S. Standard of Living since the Civil War (The Princeton Economic History of the Western World),,,,,,,,,https://covers.openlibrary.org/b/isbn/0691147728-L.jpg,https://covers.openlibrary.org/b/isbn/0691147728-M.jpg,https://covers.openlibrary.org/b/isbn/0691147728-S.jpg,,,https://x.com/search?q=from%3Apatrickcollison+The+Rise+and+Fall+of+American+Growth&src=typed_query,,,,https://openlibrary.org/isbn/0691147728,http://amazon.com/dp/0691147728
Pacific,,,0062315412,,4,,https://covers.openlibrary.org/b/isbn/0062315412-L.jpg,,highly-recommended,"Silicon Chips and Surfboards, Coral Reefs and Atom Bombs, Brutal Dictators, Fading Empires, and the Coming Collision of the World's Superpowers",,,,,,,,,https://covers.openlibrary.org/b/isbn/0062315412-L.jpg,https://covers.openlibrary.org/b/isbn/0062315412-M.jpg,https://covers.openlibrary.org/b/isbn/0062315412-S.jpg,,,https://x.com/search?q=from%3Apatrickcollison+Pacific&src=typed_query,,,,https://openlibrary.org/isbn/0062315412,http://amazon.com/dp/0062315412
Popper Selections,,,0691020310,,0,,https://covers.openlibrary.org/b/isbn/0691020310-L.jpg,,read,,,,,,,,,,https://covers.openlibrary.org/b/isbn/0691020310-L.jpg,https://covers.openlibrary.org/b/isbn/0691020310-M.jpg,https://covers.openlibrary.org/b/isbn/0691020310-S.jpg,,,https://x.com/search?q=from%3Apatrickcollison+Popper+Selections&src=typed_query,,,,https://openlibrary.org/isbn/0691020310,http://amazon.com/dp/0691020310
Feynman Lectures On Gravitation,,,0813340381,,0,,https://covers.openlibrary.org/b/isbn/0813340381-L.jpg,,read,,,,,,,,,,https://covers.openlibrary.org/b/isbn/0813340381-L.jpg,https://covers.openlibrary.org/b/isbn/0813340381-M.jpg,https://covers.openlibrary.org/b/isbn/0813340381-S.jpg,,,https://x.com/search?q=from%3Apatrickcollison+Feynman+Lectures+On+Gravitation&src=typed_query,,,,https://openlibrary.org/isbn/0813340381,http://amazon.com/dp/0813340381
The Ascent of Man,,,0316109304,,0,,https://covers.openlibrary.org/b/isbn/0316109304-L.jpg,,read,,,,,,,,,,https://covers.openlibrary.org/b/isbn/0316109304-L.jpg,https://covers.openlibrary.org/b/isbn/0316109304-M.jpg,https://covers.openlibrary.org/b/isbn/0316109304-S.jpg,,,https://x.com/search?q=from%3Apatrickcollison+The+Ascent+of+Man&src=typed_query,,,,https://openlibrary.org/isbn/0316109304,http://amazon.com/dp/0316109304
American Colossus,,,0385523335,,0,,https://covers.openlibrary.org/b/isbn/0385523335-L.jpg,,read,"The Triumph of Capitalism, 1865-1900",,,,,,,,,https://covers.openlibrary.org/b/isbn/0385523335-L.jpg,https://covers.openlibrary.org/b/isbn/0385523335-M.jpg,https://covers.openlibrary.org/b/isbn/0385523335-S.jpg,,,https://x.com/search?q=from%3Apatrickcollison+American+Colossus&src=typed_query,,,,https://openlibrary.org/isbn/0385523335,http://amazon.com/dp/0385523335
Quantum Electrodynamics,,,0201360756,,0,,https://covers.openlibrary.org/b/isbn/0201360756-L.jpg,,read,,,,,,,,,,https://covers.openlibrary.org/b/isbn/0201360756-L.jpg,https://covers.openlibrary.org/b/isbn/0201360756-M.jpg,https://covers.openlibrary.org/b/isbn/0201360756-S.jpg,,,https://x.com/search?q=from%3Apatrickcollison+Quantum+Electrodynamics&src=typed_query,,,,https://openlibrary.org/isbn/0201360756,http://amazon.com/dp/0201360756
"Men, Machines, and Modern Times",,,0262630184,,4,,https://covers.openlibrary.org/b/isbn/0262630184-L.jpg,,highly-recommended,,,,,,,,,,https://covers.openlibrary.org/b/isbn/0262630184-L.jpg,https://covers.openlibrary.org/b/isbn/0262630184-M.jpg,https://covers.openlibrary.org/b/isbn/0262630184-S.jpg,,,https://x.com/search?q=from%3Apatrickcollison+Men+Machines+and+Modern+Times&src=typed_query,,,,https://openlibrary.org/isbn/0262630184,http://amazon.com/dp/0262630184
The Power of Productivity,,,0226476766,,0,,https://covers.openlibrary.org/b/isbn/0226476766-L.jpg,,read,"Wealth, Poverty, and the Threat to Global Stability",,,,,,,,,https://covers.openlibrary.org/b/isbn/0226476766-L.jpg,https://covers.openlibrary.org/b/isbn/0226476766-M.jpg,https://covers.openlibrary.org/b/isbn/0226476766-S.jpg,,,https://x.com/search?q=from%3Apatrickcollison+The+Power+of+Productivity&src=typed_query,,,,https://openlibrary.org/isbn/0226476766,http://amazon.com/dp/0226476766
The Great Escape,,,069115354X,,0,,,,read,"Health, Wealth, and the Origins of Inequality",,,,,,,,,,,,,,https://x.com/search?q=from%3Apatrickcollison+The+Great+Escape&src=typed_query,,,,https://openlibrary.org/search?q=069115354X,http://amazon.com/dp/069115354X
The Fifth Generation,,,0201115190,,0,,https://covers.openlibrary.org/b/isbn/0201115190-L.jpg,,read,Artificial Intelligence & Japan's Computer Challenge to the World,,,,,,,,,https://covers.openlibrary.org/b/isbn/0201115190-L.jpg,https://covers.openlibrary.org/b/isbn/0201115190-M.jpg,https://covers.openlibrary.org/b/isbn/0201115190-S.jpg,,,https://x.com/search?q=from%3Apatrickcollison+The+Fifth+Generation&src=typed_query,,,,https://openlibrary.org/isbn/0201115190,http://amazon.com/dp/0201115190
A Farewell to Alms,,,0691121354,,0,,https://covers.openlibrary.org/b/isbn/0691121354-L.jpg,,read,A Brief Economic History of the World,,,,,,,,,https://covers.openlibrary.org/b/isbn/0691121354-L.jpg,https://covers.openlibrary.org/b/isbn/0691121354-M.jpg,https://covers.openlibrary.org/b/isbn/0691121354-S.jpg,,,https://x.com/search?q=from%3Apatrickcollison+A+Farewell+to+Alms&src=typed_query,,,,https://openlibrary.org/isbn/0691121354,http://amazon.com/dp/0691121354
GDP,,,0691156794,,0,,https://covers.openlibrary.org/b/isbn/0691156794-L.jpg,,read,A Brief but Affectionate History,,,,,,,,,https://covers.openlibrary.org/b/isbn/0691156794-L.jpg,https://covers.openlibrary.org/b/isbn/0691156794-M.jpg,https://covers.openlibrary.org/b/isbn/0691156794-S.jpg,,,https://x.com/search?q=from%3Apatrickcollison+GDP&src=typed_query,,,,https://openlibrary.org/isbn/0691156794,http://amazon.com/dp/0691156794
This Town,,,0399161309,,0,,https://covers.openlibrary.org/b/isbn/0399161309-L.jpg,,read,"Two Parties and a Funeral-Plus, Plenty of Valet Parking!-in America's Gilded Capital",,,,,,,,,https://covers.openlibrary.org/b/isbn/0399161309-L.jpg,https://covers.openlibrary.org/b/isbn/0399161309-M.jpg,https://covers.openlibrary.org/b/isbn/0399161309-S.jpg,,,https://x.com/search?q=from%3Apatrickcollison+This+Town&src=typed_query,,,,https://openlibrary.org/isbn/0399161309,http://amazon.com/dp/0399161309
Pop Internationalism,,,0262112108,,0,,https://covers.openlibrary.org/b/isbn/0262112108-L.jpg,,read,,,,,,,,,,https://covers.openlibrary.org/b/isbn/0262112108-L.jpg,https://covers.openlibrary.org/b/isbn/0262112108-M.jpg,https://covers.openlibrary.org/b/isbn/0262112108-S.jpg,,,https://x.com/search?q=from%3Apatrickcollison+Pop+Internationalism&src=typed_query,,,,https://openlibrary.org/isbn/0262112108,http://amazon.com/dp/0262112108
Trading Places,,,0465086799,,0,,https://covers.openlibrary.org/b/isbn/0465086799-L.jpg,,read,How We Are Giving Our Future to Japan and How to Reclaim It,,,,,,,,,https://covers.openlibrary.org/b/isbn/0465086799-L.jpg,https://covers.openlibrary.org/b/isbn/0465086799-M.jpg,https://covers.openlibrary.org/b/isbn/0465086799-S.jpg,,,https://x.com/search?q=from%3Apatrickcollison+Trading+Places&src=typed_query,,,,https://openlibrary.org/isbn/0465086799,http://amazon.com/dp/0465086799
Head to Head,,,0688111505,,0,,https://covers.openlibrary.org/b/isbn/0688111505-L.jpg,,read,"The Coming Economic Battle Among Japan, Europe, and America",,,,,,,,,https://covers.openlibrary.org/b/isbn/0688111505-L.jpg,https://covers.openlibrary.org/b/isbn/0688111505-M.jpg,https://covers.openlibrary.org/b/isbn/0688111505-S.jpg,,,https://x.com/search?q=from%3Apatrickcollison+Head+to+Head&src=typed_query,,,,https://openlibrary.org/isbn/0688111505,http://amazon.com/dp/0688111505
"Recent economic changes, and their effect on the production and distribution of wealth and the well-being of society",,,117182677X,,0,,,,read,,,,,,,,,,,,,,,https://x.com/search?q=from%3Apatrickcollison+Recent+economic+changes+and+their+effect+on+the+production+a&src=typed_query,,,,https://openlibrary.org/search?q=117182677X,http://amazon.com/dp/117182677X
Orality and Literacy: 30th Anniversary Edition (New Accents),,,0415538386,,4,,https://covers.openlibrary.org/b/isbn/0415538386-L.jpg,,highly-recommended,,,,,,,,,,https://covers.openlibrary.org/b/isbn/0415538386-L.jpg,https://covers.openlibrary.org/b/isbn/0415538386-M.jpg,https://covers.openlibrary.org/b/isbn/0415538386-S.jpg,,,https://x.com/search?q=from%3Apatrickcollison+Orality+and+Literacy+30th+Anniversary+Edition+New+Accents&src=typed_query,,,,https://openlibrary.org/isbn/0415538386,http://amazon.com/dp/0415538386
Enemies,,,0374148309,,0,,https://covers.openlibrary.org/b/isbn/0374148309-L.jpg,,read,A Love Story,,,,,,,,,https://covers.openlibrary.org/b/isbn/0374148309-L.jpg,https://covers.openlibrary.org/b/isbn/0374148309-M.jpg,https://covers.openlibrary.org/b/isbn/0374148309-S.jpg,,,https://x.com/search?q=from%3Apatrickcollison+Enemies&src=typed_query,,,,https://openlibrary.org/isbn/0374148309,http://amazon.com/dp/0374148309
Labyrinths,,,0394604490,,0,,https://covers.openlibrary.org/b/isbn/0394604490-L.jpg,,read,,,,,,,,,,https://covers.openlibrary.org/b/isbn/0394604490-L.jpg,https://covers.openlibrary.org/b/isbn/0394604490-M.jpg,https://covers.openlibrary.org/b/isbn/0394604490-S.jpg,,,https://x.com/search?q=from%3Apatrickcollison+Labyrinths&src=typed_query,,,,https://openlibrary.org/isbn/0394604490,http://amazon.com/dp/0394604490
Mind-Body Problem,,,0233977279,,5,,https://covers.openlibrary.org/b/isbn/0233977279-L.jpg,,favorites,,,,,,,,,,https://covers.openlibrary.org/b/isbn/0233977279-L.jpg,https://covers.openlibrary.org/b/isbn/0233977279-M.jpg,https://covers.openlibrary.org/b/isbn/0233977279-S.jpg,,,https://x.com/search?q=from%3Apatrickcollison+MindBody+Problem&src=typed_query,,,,https://openlibrary.org/isbn/0233977279,http://amazon.com/dp/0233977279
The Road,,,0307265439,,0,,https://covers.openlibrary.org/b/isbn/0307265439-L.jpg,,read,,,,,,,,,,https://covers.openlibrary.org/b/isbn/0307265439-L.jpg,https://covers.openlibrary.org/b/isbn/0307265439-M.jpg,https://covers.openlibrary.org/b/isbn/0307265439-S.jpg,,,https://x.com/search?q=from%3Apatrickcollison+The+Road&src=typed_query,,,,https://openlibrary.org/isbn/0307265439,http://amazon.com/dp/0307265439
The Company of Strangers,,,0691118213,,0,,https://covers.openlibrary.org/b/isbn/0691118213-L.jpg,,read,A Natural History of Economic Life,,,,,,,,,https://covers.openlibrary.org/b/isbn/0691118213-L.jpg,https://covers.openlibrary.org/b/isbn/0691118213-M.jpg,https://covers.openlibrary.org/b/isbn/0691118213-S.jpg,,,https://x.com/search?q=from%3Apatrickcollison+The+Company+of+Strangers&src=typed_query,,,,https://openlibrary.org/isbn/0691118213,http://amazon.com/dp/0691118213
The Really Hard Problem,,,B005Q755U2,,0,,,,read,Meaning in a Material World (Bradford Books),,,,,,,,,,,,,,https://x.com/search?q=from%3Apatrickcollison+The+Really+Hard+Problem&src=typed_query,,,,https://openlibrary.org/search?q=B005Q755U2,http://amazon.com/dp/B005Q755U2
Three Famous Short Novels,,,0307946754,,0,,https://covers.openlibrary.org/b/isbn/0307946754-L.jpg,,read,"Spotted Horses, Old Man, The Bear (Vintage International)",,,,,,,,,https://covers.openlibrary.org/b/isbn/0307946754-L.jpg,https://covers.openlibrary.org/b/isbn/0307946754-M.jpg,https://covers.openlibrary.org/b/isbn/0307946754-S.jpg,,,https://x.com/search?q=from%3Apatrickcollison+Three+Famous+Short+Novels&src=typed_query,,,,https://openlibrary.org/isbn/0307946754,http://amazon.com/dp/0307946754
Fear No Evil,,,1891620029,,0,,https://covers.openlibrary.org/b/isbn/1891620029-L.jpg,,read,,,,,,,,,,https://covers.openlibrary.org/b/isbn/1891620029-L.jpg,https://covers.openlibrary.org/b/isbn/1891620029-M.jpg,https://covers.openlibrary.org/b/isbn/1891620029-S.jpg,,,https://x.com/search?q=from%3Apatrickcollison+Fear+No+Evil&src=typed_query,,,,https://openlibrary.org/isbn/1891620029,http://amazon.com/dp/1891620029
The Arrival,,,0439895294,,0,,https://covers.openlibrary.org/b/isbn/0439895294-L.jpg,,read,,,,,,,,,,https://covers.openlibrary.org/b/isbn/0439895294-L.jpg,https://covers.openlibrary.org/b/isbn/0439895294-M.jpg,https://covers.openlibrary.org/b/isbn/0439895294-S.jpg,,,https://x.com/search?q=from%3Apatrickcollison+The+Arrival&src=typed_query,,,,https://openlibrary.org/isbn/0439895294,http://amazon.com/dp/0439895294
Last and First Men,,,160444357X,,0,,,,read,A Story of the near and far future,,,,,,,,,,,,,,https://x.com/search?q=from%3Apatrickcollison+Last+and+First+Men&src=typed_query,,,,https://openlibrary.org/search?q=160444357X,http://amazon.com/dp/160444357X
Invisible Cities,,,0156453800,,0,,https://covers.openlibrary.org/b/isbn/0156453800-L.jpg,,read,,,,,,,,,,https://covers.openlibrary.org/b/isbn/0156453800-L.jpg,https://covers.openlibrary.org/b/isbn/0156453800-M.jpg,https://covers.openlibrary.org/b/isbn/0156453800-S.jpg,,,https://x.com/search?q=from%3Apatrickcollison+Invisible+Cities&src=typed_query,,,,https://openlibrary.org/isbn/0156453800,http://amazon.com/dp/0156453800
Conjectures and Refutations,,,0415285941,,0,,https://covers.openlibrary.org/b/isbn/0415285941-L.jpg,,read,The Growth of Scientific Knowledge,,,,,,,,,https://covers.openlibrary.org/b/isbn/0415285941-L.jpg,https://covers.openlibrary.org/b/isbn/0415285941-M.jpg,https://covers.openlibrary.org/b/isbn/0415285941-S.jpg,,,https://x.com/search?q=from%3Apatrickcollison+Conjectures+and+Refutations&src=typed_query,,,,https://openlibrary.org/isbn/0415285941,http://amazon.com/dp/0415285941
William Blake and the Age of Revolution,,,0571241883,,0,,https://covers.openlibrary.org/b/isbn/0571241883-L.jpg,,read,,,,,,,,,,https://covers.openlibrary.org/b/isbn/0571241883-L.jpg,https://covers.openlibrary.org/b/isbn/0571241883-M.jpg,https://covers.openlibrary.org/b/isbn/0571241883-S.jpg,,,https://x.com/search?q=from%3Apatrickcollison+William+Blake+and+the+Age+of+Revolution&src=typed_query,,,,https://openlibrary.org/isbn/0571241883,http://amazon.com/dp/0571241883
The Good Old Days--They Were Terrible!,,,0394486897,,0,,https://covers.openlibrary.org/b/isbn/0394486897-L.jpg,,read,,,,,,,,,,https://covers.openlibrary.org/b/isbn/0394486897-L.jpg,https://covers.openlibrary.org/b/isbn/0394486897-M.jpg,https://covers.openlibrary.org/b/isbn/0394486897-S.jpg,,,https://x.com/search?q=from%3Apatrickcollison+The+Good+Old+DaysThey+Were+Terrible&src=typed_query,,,,https://openlibrary.org/isbn/0394486897,http://amazon.com/dp/0394486897
War and Peace,,,1400079985,,0,,https://covers.openlibrary.org/b/isbn/1400079985-L.jpg,,read,,,,,,,,,,https://covers.openlibrary.org/b/isbn/1400079985-L.jpg,https://covers.openlibrary.org/b/isbn/1400079985-M.jpg,https://covers.openlibrary.org/b/isbn/1400079985-S.jpg,,,https://x.com/search?q=from%3Apatrickcollison+War+and+Peace&src=typed_query,,,,https://openlibrary.org/isbn/1400079985,http://amazon.com/dp/1400079985
The Printing Press as an Agent of Change,,,0521299551,,0,,https://covers.openlibrary.org/b/isbn/0521299551-L.jpg,,read,,,,,,,,,,https://covers.openlibrary.org/b/isbn/0521299551-L.jpg,https://covers.openlibrary.org/b/isbn/0521299551-M.jpg,https://covers.openlibrary.org/b/isbn/0521299551-S.jpg,,,https://x.com/search?q=from%3Apatrickcollison+The+Printing+Press+as+an+Agent+of+Change&src=typed_query,,,,https://openlibrary.org/isbn/0521299551,http://amazon.com/dp/0521299551
Let My People Go Surfing,,,1594200726,,0,,https://covers.openlibrary.org/b/isbn/1594200726-L.jpg,,read,The Education of a Reluctant Businessman,,,,,,,,,https://covers.openlibrary.org/b/isbn/1594200726-L.jpg,https://covers.openlibrary.org/b/isbn/1594200726-M.jpg,https://covers.openlibrary.org/b/isbn/1594200726-S.jpg,,,https://x.com/search?q=from%3Apatrickcollison+Let+My+People+Go+Surfing&src=typed_query,,,,https://openlibrary.org/isbn/1594200726,http://amazon.com/dp/1594200726
Setting the Table,,,0060742755,,0,,https://covers.openlibrary.org/b/isbn/0060742755-L.jpg,,read,The Transforming Power of Hospitality in Business,,,,,,,,,https://covers.openlibrary.org/b/isbn/0060742755-L.jpg,https://covers.openlibrary.org/b/isbn/0060742755-M.jpg,https://covers.openlibrary.org/b/isbn/0060742755-S.jpg,,,https://x.com/search?q=from%3Apatrickcollison+Setting+the+Table&src=typed_query,,,,https://openlibrary.org/isbn/0060742755,http://amazon.com/dp/0060742755
Managing Oneself,,,142212312X,,0,,,,read,,,,,,,,,,,,,,,https://x.com/search?q=from%3Apatrickcollison+Managing+Oneself&src=typed_query,,,,https://openlibrary.org/search?q=142212312X,http://amazon.com/dp/142212312X
The End of Error,,,1482239868,,0,,https://covers.openlibrary.org/b/isbn/1482239868-L.jpg,,read,Unum Computing,,,,,,,,,https://covers.openlibrary.org/b/isbn/1482239868-L.jpg,https://covers.openlibrary.org/b/isbn/1482239868-M.jpg,https://covers.openlibrary.org/b/isbn/1482239868-S.jpg,,,https://x.com/search?q=from%3Apatrickcollison+The+End+of+Error&src=typed_query,,,,https://openlibrary.org/isbn/1482239868,http://amazon.com/dp/1482239868
The Age of Em,,,0198754620,,0,,https://covers.openlibrary.org/b/isbn/0198754620-L.jpg,,read,"Work, Love and Life when Robots Rule the Earth",,,,,,,,,https://covers.openlibrary.org/b/isbn/0198754620-L.jpg,https://covers.openlibrary.org/b/isbn/0198754620-M.jpg,https://covers.openlibrary.org/b/isbn/0198754620-S.jpg,,,https://x.com/search?q=from%3Apatrickcollison+The+Age+of+Em&src=typed_query,,,,https://openlibrary.org/isbn/0198754620,http://amazon.com/dp/0198754620
Streetfight,,,0525429840,,0,,https://covers.openlibrary.org/b/isbn/0525429840-L.jpg,,read,Handbook for an Urban Revolution,,,,,,,,,https://covers.openlibrary.org/b/isbn/0525429840-L.jpg,https://covers.openlibrary.org/b/isbn/0525429840-M.jpg,https://covers.openlibrary.org/b/isbn/0525429840-S.jpg,,,https://x.com/search?q=from%3Apatrickcollison+Streetfight&src=typed_query,,,,https://openlibrary.org/isbn/0525429840,http://amazon.com/dp/0525429840
Photoviz: Visualizing Information through Photography,,,3899556453,,0,,https://covers.openlibrary.org/b/isbn/3899556453-L.jpg,,read,,,,,,,,,,https://covers.openlibrary.org/b/isbn/3899556453-L.jpg,https://covers.openlibrary.org/b/isbn/3899556453-M.jpg,https://covers.openlibrary.org/b/isbn/3899556453-S.jpg,,,https://x.com/search?q=from%3Apatrickcollison+Photoviz+Visualizing+Information+through+Photography&src=typed_query,,,,https://openlibrary.org/isbn/3899556453,http://amazon.com/dp/3899556453
Designing Walkable Urban Thoroughfares A Context Sensitive Approach,,,1933452528,,0,,https://covers.openlibrary.org/b/isbn/1933452528-L.jpg,,read,,,,,,,,,,https://covers.openlibrary.org/b/isbn/1933452528-L.jpg,https://covers.openlibrary.org/b/isbn/1933452528-M.jpg,https://covers.openlibrary.org/b/isbn/1933452528-S.jpg,,,https://x.com/search?q=from%3Apatrickcollison+Designing+Walkable+Urban+Thoroughfares+A+Context+Sensitive+A&src=typed_query,,,,https://openlibrary.org/isbn/1933452528,http://amazon.com/dp/1933452528
Urban Street Design Guide,,,1610914945,,0,,https://covers.openlibrary.org/b/isbn/1610914945-L.jpg,,read,,,,,,,,,,https://covers.openlibrary.org/b/isbn/1610914945-L.jpg,https://covers.openlibrary.org/b/isbn/1610914945-M.jpg,https://covers.openlibrary.org/b/isbn/1610914945-S.jpg,,,https://x.com/search?q=from%3Apatrickcollison+Urban+Street+Design+Guide&src=typed_query,,,,https://openlibrary.org/isbn/1610914945,http://amazon.com/dp/1610914945
Before the Storm,,,080902859X,,0,,,,read,Barry Goldwater and the Unmaking of the American Consensus,,,,,,,,,,,,,,https://x.com/search?q=from%3Apatrickcollison+Before+the+Storm&src=typed_query,,,,https://openlibrary.org/search?q=080902859X,http://amazon.com/dp/080902859X
Nixonland,,,0743243021,,4,,https://covers.openlibrary.org/b/isbn/0743243021-L.jpg,,highly-recommended,The Rise of a President and the Fracturing of America,,,,,,,,,https://covers.openlibrary.org/b/isbn/0743243021-L.jpg,https://covers.openlibrary.org/b/isbn/0743243021-M.jpg,https://covers.openlibrary.org/b/isbn/0743243021-S.jpg,,,https://x.com/search?q=from%3Apatrickcollison+Nixonland&src=typed_query,,,,https://openlibrary.org/isbn/0743243021,http://amazon.com/dp/0743243021
Alibaba,,,0062413406,,0,,https://covers.openlibrary.org/b/isbn/0062413406-L.jpg,,read,The House That Jack Ma Built,,,,,,,,,https://covers.openlibrary.org/b/isbn/0062413406-L.jpg,https://covers.openlibrary.org/b/isbn/0062413406-M.jpg,https://covers.openlibrary.org/b/isbn/0062413406-S.jpg,,,https://x.com/search?q=from%3Apatrickcollison+Alibaba&src=typed_query,,,,https://openlibrary.org/isbn/0062413406,http://amazon.com/dp/0062413406
The 40s: The Story of a Decade,,,0679644792,,0,,https://covers.openlibrary.org/b/isbn/0679644792-L.jpg,,read,,,,,,,,,,https://covers.openlibrary.org/b/isbn/0679644792-L.jpg,https://covers.openlibrary.org/b/isbn/0679644792-M.jpg,https://covers.openlibrary.org/b/isbn/0679644792-S.jpg,,,https://x.com/search?q=from%3Apatrickcollison+The+40s+The+Story+of+a+Decade&src=typed_query,,,,https://openlibrary.org/isbn/0679644792,http://amazon.com/dp/0679644792
Perfidia: A novel,,,0307956997,,0,,https://covers.openlibrary.org/b/isbn/0307956997-L.jpg,,read,,,,,,,,,,https://covers.openlibrary.org/b/isbn/0307956997-L.jpg,https://covers.openlibrary.org/b/isbn/0307956997-M.jpg,https://covers.openlibrary.org/b/isbn/0307956997-S.jpg,,,https://x.com/search?q=from%3Apatrickcollison+Perfidia+A+novel&src=typed_query,,,,https://openlibrary.org/isbn/0307956997,http://amazon.com/dp/0307956997
The 60s: The Story of a Decade,,,0679644830,,0,,https://covers.openlibrary.org/b/isbn/0679644830-L.jpg,,read,,,,,,,,,,https://covers.openlibrary.org/b/isbn/0679644830-L.jpg,https://covers.openlibrary.org/b/isbn/0679644830-M.jpg,https://covers.openlibrary.org/b/isbn/0679644830-S.jpg,,,https://x.com/search?q=from%3Apatrickcollison+The+60s+The+Story+of+a+Decade&src=typed_query,,,,https://openlibrary.org/isbn/0679644830,http://amazon.com/dp/0679644830
Alexander Hamilton,,,0143034758,,0,,https://covers.openlibrary.org/b/isbn/0143034758-L.jpg,,read,,,,,,,,,,https://covers.openlibrary.org/b/isbn/0143034758-L.jpg,https://covers.openlibrary.org/b/isbn/0143034758-M.jpg,https://covers.openlibrary.org/b/isbn/0143034758-S.jpg,,,https://x.com/search?q=from%3Apatrickcollison+Alexander+Hamilton&src=typed_query,,,,https://openlibrary.org/isbn/0143034758,http://amazon.com/dp/0143034758
Ask Me Anything,,,0692582266,,0,,https://covers.openlibrary.org/b/isbn/0692582266-L.jpg,,read,(A collection of Reddit's best from r/IAmA Volume 1),,,,,,,,,https://covers.openlibrary.org/b/isbn/0692582266-L.jpg,https://covers.openlibrary.org/b/isbn/0692582266-M.jpg,https://covers.openlibrary.org/b/isbn/0692582266-S.jpg,,,https://x.com/search?q=from%3Apatrickcollison+Ask+Me+Anything&src=typed_query,,,,https://openlibrary.org/isbn/0692582266,http://amazon.com/dp/0692582266
American Tabloid,,,0679403914,,0,,https://covers.openlibrary.org/b/isbn/0679403914-L.jpg,,read,,,,,,,,,,https://covers.openlibrary.org/b/isbn/0679403914-L.jpg,https://covers.openlibrary.org/b/isbn/0679403914-M.jpg,https://covers.openlibrary.org/b/isbn/0679403914-S.jpg,,,https://x.com/search?q=from%3Apatrickcollison+American+Tabloid&src=typed_query,,,,https://openlibrary.org/isbn/0679403914,http://amazon.com/dp/0679403914
The Revolt of the Masses,,,0393310957,,0,,https://covers.openlibrary.org/b/isbn/0393310957-L.jpg,,read,,,,,,,,,,https://covers.openlibrary.org/b/isbn/0393310957-L.jpg,https://covers.openlibrary.org/b/isbn/0393310957-M.jpg,https://covers.openlibrary.org/b/isbn/0393310957-S.jpg,,,https://x.com/search?q=from%3Apatrickcollison+The+Revolt+of+the+Masses&src=typed_query,,,,https://openlibrary.org/isbn/0393310957,http://amazon.com/dp/0393310957
Pioneering Portfolio Management,,,0684864436,,0,,https://covers.openlibrary.org/b/isbn/0684864436-L.jpg,,read,An Unconventional Approach to Institutional Investment,,,,,,,,,https://covers.openlibrary.org/b/isbn/0684864436-L.jpg,https://covers.openlibrary.org/b/isbn/0684864436-M.jpg,https://covers.openlibrary.org/b/isbn/0684864436-S.jpg,,,https://x.com/search?q=from%3Apatrickcollison+Pioneering+Portfolio+Management&src=typed_query,,,,https://openlibrary.org/isbn/0684864436,http://amazon.com/dp/0684864436
Mapping the Airways,,,1445654644,,0,,https://covers.openlibrary.org/b/isbn/1445654644-L.jpg,,read,,,,,,,,,,https://covers.openlibrary.org/b/isbn/1445654644-L.jpg,https://covers.openlibrary.org/b/isbn/1445654644-M.jpg,https://covers.openlibrary.org/b/isbn/1445654644-S.jpg,,,https://x.com/search?q=from%3Apatrickcollison+Mapping+the+Airways&src=typed_query,,,,https://openlibrary.org/isbn/1445654644,http://amazon.com/dp/1445654644
The Inevitable,,,0525428089,,0,,https://covers.openlibrary.org/b/isbn/0525428089-L.jpg,,read,Understanding the 12 Technological Forces That Will Shape Our Future,,,,,,,,,https://covers.openlibrary.org/b/isbn/0525428089-L.jpg,https://covers.openlibrary.org/b/isbn/0525428089-M.jpg,https://covers.openlibrary.org/b/isbn/0525428089-S.jpg,,,https://x.com/search?q=from%3Apatrickcollison+The+Inevitable&src=typed_query,,,,https://openlibrary.org/isbn/0525428089,http://amazon.com/dp/0525428089
Quantum Field Theory and the Standard Model,,,1107034736,,0,,https://covers.openlibrary.org/b/isbn/1107034736-L.jpg,,read,,,,,,,,,,https://covers.openlibrary.org/b/isbn/1107034736-L.jpg,https://covers.openlibrary.org/b/isbn/1107034736-M.jpg,https://covers.openlibrary.org/b/isbn/1107034736-S.jpg,,,https://x.com/search?q=from%3Apatrickcollison+Quantum+Field+Theory+and+the+Standard+Model&src=typed_query,,,,https://openlibrary.org/isbn/1107034736,http://amazon.com/dp/1107034736
An Introduction to Political Philosophy: Ten Essays,,,0814319025,,0,,https://covers.openlibrary.org/b/isbn/0814319025-L.jpg,,read,,,,,,,,,,https://covers.openlibrary.org/b/isbn/0814319025-L.jpg,https://covers.openlibrary.org/b/isbn/0814319025-M.jpg,https://covers.openlibrary.org/b/isbn/0814319025-S.jpg,,,https://x.com/search?q=from%3Apatrickcollison+An+Introduction+to+Political+Philosophy+Ten+Essays&src=typed_query,,,,https://openlibrary.org/isbn/0814319025,http://amazon.com/dp/0814319025
Suck,,,1888869275,,0,,https://covers.openlibrary.org/b/isbn/1888869275-L.jpg,,read,"Worst-Case Scenarios in Media, Culture, Advertising, and the Internet",,,,,,,,,https://covers.openlibrary.org/b/isbn/1888869275-L.jpg,https://covers.openlibrary.org/b/isbn/1888869275-M.jpg,https://covers.openlibrary.org/b/isbn/1888869275-S.jpg,,,https://x.com/search?q=from%3Apatrickcollison+Suck&src=typed_query,,,,https://openlibrary.org/isbn/1888869275,http://amazon.com/dp/1888869275
Underworld,,,0684842696,,0,,https://covers.openlibrary.org/b/isbn/0684842696-L.jpg,,read,,,,,,,,,,https://covers.openlibrary.org/b/isbn/0684842696-L.jpg,https://covers.openlibrary.org/b/isbn/0684842696-M.jpg,https://covers.openlibrary.org/b/isbn/0684842696-S.jpg,,,https://x.com/search?q=from%3Apatrickcollison+Underworld&src=typed_query,,,,https://openlibrary.org/isbn/0684842696,http://amazon.com/dp/0684842696
Lincoln: Speeches and Writings 1859-1865,,,0940450631,,0,,https://covers.openlibrary.org/b/isbn/0940450631-L.jpg,,read,,,,,,,,,,https://covers.openlibrary.org/b/isbn/0940450631-L.jpg,https://covers.openlibrary.org/b/isbn/0940450631-M.jpg,https://covers.openlibrary.org/b/isbn/0940450631-S.jpg,,,https://x.com/search?q=from%3Apatrickcollison+Lincoln+Speeches+and+Writings+18591865&src=typed_query,,,,https://openlibrary.org/isbn/0940450631,http://amazon.com/dp/0940450631
All Art Is Propaganda: Critical Essays,,,0151013551,,0,,https://covers.openlibrary.org/b/isbn/0151013551-L.jpg,,read,,,,,,,,,,https://covers.openlibrary.org/b/isbn/0151013551-L.jpg,https://covers.openlibrary.org/b/isbn/0151013551-M.jpg,https://covers.openlibrary.org/b/isbn/0151013551-S.jpg,,,https://x.com/search?q=from%3Apatrickcollison+All+Art+Is+Propaganda+Critical+Essays&src=typed_query,,,,https://openlibrary.org/isbn/0151013551,http://amazon.com/dp/0151013551
The Cowshed,,,1590179269,,4,,https://covers.openlibrary.org/b/isbn/1590179269-L.jpg,,highly-recommended,Memories of the Chinese Cultural Revolution,,,,,,,,,https://covers.openlibrary.org/b/isbn/1590179269-L.jpg,https://covers.openlibrary.org/b/isbn/1590179269-M.jpg,https://covers.openlibrary.org/b/isbn/1590179269-S.jpg,,,https://x.com/search?q=from%3Apatrickcollison+The+Cowshed&src=typed_query,,,,https://openlibrary.org/isbn/1590179269,http://amazon.com/dp/1590179269
How Not to Network a Nation,,,0262034182,,0,,https://covers.openlibrary.org/b/isbn/0262034182-L.jpg,,read,The Uneasy History of the Soviet Internet (Information Policy),,,,,,,,,https://covers.openlibrary.org/b/isbn/0262034182-L.jpg,https://covers.openlibrary.org/b/isbn/0262034182-M.jpg,https://covers.openlibrary.org/b/isbn/0262034182-S.jpg,,,https://x.com/search?q=from%3Apatrickcollison+How+Not+to+Network+a+Nation&src=typed_query,,,,https://openlibrary.org/isbn/0262034182,http://amazon.com/dp/0262034182
The Journalist And The Murderer,,,0394583124,,4,,https://covers.openlibrary.org/b/isbn/0394583124-L.jpg,,highly-recommended,,,,,,,,,,https://covers.openlibrary.org/b/isbn/0394583124-L.jpg,https://covers.openlibrary.org/b/isbn/0394583124-M.jpg,https://covers.openlibrary.org/b/isbn/0394583124-S.jpg,,,https://x.com/search?q=from%3Apatrickcollison+The+Journalist+And+The+Murderer&src=typed_query,,,,https://openlibrary.org/isbn/0394583124,http://amazon.com/dp/0394583124
The Hunters,,,1619020548,,4,,https://covers.openlibrary.org/b/isbn/1619020548-L.jpg,,highly-recommended,,,,,,,,,,https://covers.openlibrary.org/b/isbn/1619020548-L.jpg,https://covers.openlibrary.org/b/isbn/1619020548-M.jpg,https://covers.openlibrary.org/b/isbn/1619020548-S.jpg,,,https://x.com/search?q=from%3Apatrickcollison+The+Hunters&src=typed_query,,,,https://openlibrary.org/isbn/1619020548,http://amazon.com/dp/1619020548
The Lost Daughter,,,1933372427,,0,,https://covers.openlibrary.org/b/isbn/1933372427-L.jpg,,read,,,,,,,,,,https://covers.openlibrary.org/b/isbn/1933372427-L.jpg,https://covers.openlibrary.org/b/isbn/1933372427-M.jpg,https://covers.openlibrary.org/b/isbn/1933372427-S.jpg,,,https://x.com/search?q=from%3Apatrickcollison+The+Lost+Daughter&src=typed_query,,,,https://openlibrary.org/isbn/1933372427,http://amazon.com/dp/1933372427
Poor Charlie's Almanack,,,157864366X,,5,,,,favorites,The Wit and Wisdom of Charles T. Munger,,,,,,,,,,,,,,https://x.com/search?q=from%3Apatrickcollison+Poor+Charlies+Almanack&src=typed_query,,,,https://openlibrary.org/search?q=157864366X,http://amazon.com/dp/157864366X
Radical Software Number Five,,,B001E8DXF6,,0,,,,read,,,,,,,,,,,,,,,https://x.com/search?q=from%3Apatrickcollison+Radical+Software+Number+Five&src=typed_query,,,,https://openlibrary.org/search?q=B001E8DXF6,http://amazon.com/dp/B001E8DXF6
The Vital Question,,,0393088812,,0,,https://covers.openlibrary.org/b/isbn/0393088812-L.jpg,,read,"Energy, Evolution, and the Origins of Complex Life",,,,,,,,,https://covers.openlibrary.org/b/isbn/0393088812-L.jpg,https://covers.openlibrary.org/b/isbn/0393088812-M.jpg,https://covers.openlibrary.org/b/isbn/0393088812-S.jpg,,,https://x.com/search?q=from%3Apatrickcollison+The+Vital+Question&src=typed_query,,,,https://openlibrary.org/isbn/0393088812,http://amazon.com/dp/0393088812
Sea Ranch... Diary of an Idea,,,188893123X,,0,,,,read,,,,,,,,,,,,,,,https://x.com/search?q=from%3Apatrickcollison+Sea+Ranch+Diary+of+an+Idea&src=typed_query,,,,https://openlibrary.org/search?q=188893123X,http://amazon.com/dp/188893123X
The Sea Ranch,,,1616891777,,0,,https://covers.openlibrary.org/b/isbn/1616891777-L.jpg,,read,"Fifty Years of Architecture, Landscape, Place, and Community on the Northern California Coast",,,,,,,,,https://covers.openlibrary.org/b/isbn/1616891777-L.jpg,https://covers.openlibrary.org/b/isbn/1616891777-M.jpg,https://covers.openlibrary.org/b/isbn/1616891777-S.jpg,,,https://x.com/search?q=from%3Apatrickcollison+The+Sea+Ranch&src=typed_query,,,,https://openlibrary.org/isbn/1616891777,http://amazon.com/dp/1616891777
Process and Reality,,,0029345804,,0,,https://covers.openlibrary.org/b/isbn/0029345804-L.jpg,,read,,,,,,,,,,https://covers.openlibrary.org/b/isbn/0029345804-L.jpg,https://covers.openlibrary.org/b/isbn/0029345804-M.jpg,https://covers.openlibrary.org/b/isbn/0029345804-S.jpg,,,https://x.com/search?q=from%3Apatrickcollison+Process+and+Reality&src=typed_query,,,,https://openlibrary.org/isbn/0029345804,http://amazon.com/dp/0029345804
The Wealth of Nations,,,0857080776,,0,,https://covers.openlibrary.org/b/isbn/0857080776-L.jpg,,read,,,,,,,,,,https://covers.openlibrary.org/b/isbn/0857080776-L.jpg,https://covers.openlibrary.org/b/isbn/0857080776-M.jpg,https://covers.openlibrary.org/b/isbn/0857080776-S.jpg,,,https://x.com/search?q=from%3Apatrickcollison+The+Wealth+of+Nations&src=typed_query,,,,https://openlibrary.org/isbn/0857080776,http://amazon.com/dp/0857080776
The Rise and Fall of Nations,,,0393248895,,0,,https://covers.openlibrary.org/b/isbn/0393248895-L.jpg,,read,Forces of Change in the Post-Crisis World,,,,,,,,,https://covers.openlibrary.org/b/isbn/0393248895-L.jpg,https://covers.openlibrary.org/b/isbn/0393248895-M.jpg,https://covers.openlibrary.org/b/isbn/0393248895-S.jpg,,,https://x.com/search?q=from%3Apatrickcollison+The+Rise+and+Fall+of+Nations&src=typed_query,,,,https://openlibrary.org/isbn/0393248895,http://amazon.com/dp/0393248895
Chronicles of Wasted Time: An Autobiography,,,0895267624,,0,,https://covers.openlibrary.org/b/isbn/0895267624-L.jpg,,read,,,,,,,,,,https://covers.openlibrary.org/b/isbn/0895267624-L.jpg,https://covers.openlibrary.org/b/isbn/0895267624-M.jpg,https://covers.openlibrary.org/b/isbn/0895267624-S.jpg,,,https://x.com/search?q=from%3Apatrickcollison+Chronicles+of+Wasted+Time+An+Autobiography&src=typed_query,,,,https://openlibrary.org/isbn/0895267624,http://amazon.com/dp/0895267624
Are Prisons Obsolete?,,,1583225811,,0,,https://covers.openlibrary.org/b/isbn/1583225811-L.jpg,,read,,,,,,,,,,https://covers.openlibrary.org/b/isbn/1583225811-L.jpg,https://covers.openlibrary.org/b/isbn/1583225811-M.jpg,https://covers.openlibrary.org/b/isbn/1583225811-S.jpg,,,https://x.com/search?q=from%3Apatrickcollison+Are+Prisons+Obsolete&src=typed_query,,,,https://openlibrary.org/isbn/1583225811,http://amazon.com/dp/1583225811
The Essays,,,1354543874,,0,,https://covers.openlibrary.org/b/isbn/1354543874-L.jpg,,read,,,,,,,,,,https://covers.openlibrary.org/b/isbn/1354543874-L.jpg,https://covers.openlibrary.org/b/isbn/1354543874-M.jpg,https://covers.openlibrary.org/b/isbn/1354543874-S.jpg,,,https://x.com/search?q=from%3Apatrickcollison+The+Essays&src=typed_query,,,,https://openlibrary.org/isbn/1354543874,http://amazon.com/dp/1354543874
New Atlantis,,,1169660339,,0,,https://covers.openlibrary.org/b/isbn/1169660339-L.jpg,,read,,,,,,,,,,https://covers.openlibrary.org/b/isbn/1169660339-L.jpg,https://covers.openlibrary.org/b/isbn/1169660339-M.jpg,https://covers.openlibrary.org/b/isbn/1169660339-S.jpg,,,https://x.com/search?q=from%3Apatrickcollison+New+Atlantis&src=typed_query,,,,https://openlibrary.org/isbn/1169660339,http://amazon.com/dp/1169660339
How to Live,,,1590514254,,0,,https://covers.openlibrary.org/b/isbn/1590514254-L.jpg,,read,Or A Life of Montaigne in One Question and Twenty Attempts at an Answer,,,,,,,,,https://covers.openlibrary.org/b/isbn/1590514254-L.jpg,https://covers.openlibrary.org/b/isbn/1590514254-M.jpg,https://covers.openlibrary.org/b/isbn/1590514254-S.jpg,,,https://x.com/search?q=from%3Apatrickcollison+How+to+Live&src=typed_query,,,,https://openlibrary.org/isbn/1590514254,http://amazon.com/dp/1590514254
Montaigne: Complete Essays,,,0713990724,,0,,https://covers.openlibrary.org/b/isbn/0713990724-L.jpg,,read,,,,,,,,,,https://covers.openlibrary.org/b/isbn/0713990724-L.jpg,https://covers.openlibrary.org/b/isbn/0713990724-M.jpg,https://covers.openlibrary.org/b/isbn/0713990724-S.jpg,,,https://x.com/search?q=from%3Apatrickcollison+Montaigne+Complete+Essays&src=typed_query,,,,https://openlibrary.org/isbn/0713990724,http://amazon.com/dp/0713990724
Quantum Computation and Quantum Information,,,1107002176,,0,,https://covers.openlibrary.org/b/isbn/1107002176-L.jpg,,read,,,,,,,,,,https://covers.openlibrary.org/b/isbn/1107002176-L.jpg,https://covers.openlibrary.org/b/isbn/1107002176-M.jpg,https://covers.openlibrary.org/b/isbn/1107002176-S.jpg,,,https://x.com/search?q=from%3Apatrickcollison+Quantum+Computation+and+Quantum+Information&src=typed_query,,,,https://openlibrary.org/isbn/1107002176,http://amazon.com/dp/1107002176
Daily Rituals: How Artists Work,,,0307273601,,0,,https://covers.openlibrary.org/b/isbn/0307273601-L.jpg,,read,,,,,,,,,,https://covers.openlibrary.org/b/isbn/0307273601-L.jpg,https://covers.openlibrary.org/b/isbn/0307273601-M.jpg,https://covers.openlibrary.org/b/isbn/0307273601-S.jpg,,,https://x.com/search?q=from%3Apatrickcollison+Daily+Rituals+How+Artists+Work&src=typed_query,,,,https://openlibrary.org/isbn/0307273601,http://amazon.com/dp/0307273601
Whole Earth Discipline,,,0670021210,,4,,https://covers.openlibrary.org/b/isbn/0670021210-L.jpg,,highly-recommended,An Ecopragmatist Manifesto,,,,,,,,,https://covers.openlibrary.org/b/isbn/0670021210-L.jpg,https://covers.openlibrary.org/b/isbn/0670021210-M.jpg,https://covers.openlibrary.org/b/isbn/0670021210-S.jpg,,,https://x.com/search?q=from%3Apatrickcollison+Whole+Earth+Discipline&src=typed_query,,,,https://openlibrary.org/isbn/0670021210,http://amazon.com/dp/0670021210
The Corporation That Changed the World,,,0745331955,,0,,https://covers.openlibrary.org/b/isbn/0745331955-L.jpg,,read,How the East India Company Shaped the Modern Multinational,,,,,,,,,https://covers.openlibrary.org/b/isbn/0745331955-L.jpg,https://covers.openlibrary.org/b/isbn/0745331955-M.jpg,https://covers.openlibrary.org/b/isbn/0745331955-S.jpg,,,https://x.com/search?q=from%3Apatrickcollison+The+Corporation+That+Changed+the+World&src=typed_query,,,,https://openlibrary.org/isbn/0745331955,http://amazon.com/dp/0745331955
The Myth of the Rational Voter,,,0691129428,,0,,https://covers.openlibrary.org/b/isbn/0691129428-L.jpg,,read,Why Democracies Choose Bad Policies,,,,,,,,,https://covers.openlibrary.org/b/isbn/0691129428-L.jpg,https://covers.openlibrary.org/b/isbn/0691129428-M.jpg,https://covers.openlibrary.org/b/isbn/0691129428-S.jpg,,,https://x.com/search?q=from%3Apatrickcollison+The+Myth+of+the+Rational+Voter&src=typed_query,,,,https://openlibrary.org/isbn/0691129428,http://amazon.com/dp/0691129428
The Outsider,,,0399176071,,0,,https://covers.openlibrary.org/b/isbn/0399176071-L.jpg,,read,My Life in Intrigue,,,,,,,,,https://covers.openlibrary.org/b/isbn/0399176071-L.jpg,https://covers.openlibrary.org/b/isbn/0399176071-M.jpg,https://covers.openlibrary.org/b/isbn/0399176071-S.jpg,,,https://x.com/search?q=from%3Apatrickcollison+The+Outsider&src=typed_query,,,,https://openlibrary.org/isbn/0399176071,http://amazon.com/dp/0399176071
Toward a radical middle,,,B0006CF4B2,,0,,,,read,Fourteen pieces of reporting and criticism,,,,,,,,,,,,,,https://x.com/search?q=from%3Apatrickcollison+Toward+a+radical+middle&src=typed_query,,,,https://openlibrary.org/search?q=B0006CF4B2,http://amazon.com/dp/B0006CF4B2
Reckless Disregard,,,0394527518,,0,,https://covers.openlibrary.org/b/isbn/0394527518-L.jpg,,read,,,,,,,,,,https://covers.openlibrary.org/b/isbn/0394527518-L.jpg,https://covers.openlibrary.org/b/isbn/0394527518-M.jpg,https://covers.openlibrary.org/b/isbn/0394527518-S.jpg,,,https://x.com/search?q=from%3Apatrickcollison+Reckless+Disregard&src=typed_query,,,,https://openlibrary.org/isbn/0394527518,http://amazon.com/dp/0394527518
Speedboat (NYRB Classics),,,1590176138,,0,,https://covers.openlibrary.org/b/isbn/1590176138-L.jpg,,read,,,,,,,,,,https://covers.openlibrary.org/b/isbn/1590176138-L.jpg,https://covers.openlibrary.org/b/isbn/1590176138-M.jpg,https://covers.openlibrary.org/b/isbn/1590176138-S.jpg,,,https://x.com/search?q=from%3Apatrickcollison+Speedboat+NYRB+Classics&src=typed_query,,,,https://openlibrary.org/isbn/1590176138,http://amazon.com/dp/1590176138
Existential America,,,0801882001,,0,,https://covers.openlibrary.org/b/isbn/0801882001-L.jpg,,read,,,,,,,,,,https://covers.openlibrary.org/b/isbn/0801882001-L.jpg,https://covers.openlibrary.org/b/isbn/0801882001-M.jpg,https://covers.openlibrary.org/b/isbn/0801882001-S.jpg,,,https://x.com/search?q=from%3Apatrickcollison+Existential+America&src=typed_query,,,,https://openlibrary.org/isbn/0801882001,http://amazon.com/dp/0801882001
Once An Eagle,,,0060084359,,0,,https://covers.openlibrary.org/b/isbn/0060084359-L.jpg,,read,,,,,,,,,,https://covers.openlibrary.org/b/isbn/0060084359-L.jpg,https://covers.openlibrary.org/b/isbn/0060084359-M.jpg,https://covers.openlibrary.org/b/isbn/0060084359-S.jpg,,,https://x.com/search?q=from%3Apatrickcollison+Once+An+Eagle&src=typed_query,,,,https://openlibrary.org/isbn/0060084359,http://amazon.com/dp/0060084359
Dictator (Cicero Trilogy),,,0091752108,,0,,https://covers.openlibrary.org/b/isbn/0091752108-L.jpg,,read,,,,,,,,,,https://covers.openlibrary.org/b/isbn/0091752108-L.jpg,https://covers.openlibrary.org/b/isbn/0091752108-M.jpg,https://covers.openlibrary.org/b/isbn/0091752108-S.jpg,,,https://x.com/search?q=from%3Apatrickcollison+Dictator+Cicero+Trilogy&src=typed_query,,,,https://openlibrary.org/isbn/0091752108,http://amazon.com/dp/0091752108
In the Company of Giants,,,0070329656,,0,,https://covers.openlibrary.org/b/isbn/0070329656-L.jpg,,read,Candid Conversations With the Visionaries of the Digital World,,,,,,,,,https://covers.openlibrary.org/b/isbn/0070329656-L.jpg,https://covers.openlibrary.org/b/isbn/0070329656-M.jpg,https://covers.openlibrary.org/b/isbn/0070329656-S.jpg,,,https://x.com/search?q=from%3Apatrickcollison+In+the+Company+of+Giants&src=typed_query,,,,https://openlibrary.org/isbn/0070329656,http://amazon.com/dp/0070329656
"CEO, China",,,178453322X,,0,,,,read,The Rise of Xi Jinping,,,,,,,,,,,,,,https://x.com/search?q=from%3Apatrickcollison+CEO+China&src=typed_query,,,,https://openlibrary.org/search?q=178453322X,http://amazon.com/dp/178453322X
Has Globalization Gone Too Far?,,,0881322415,,0,,https://covers.openlibrary.org/b/isbn/0881322415-L.jpg,,read,,,,,,,,,,https://covers.openlibrary.org/b/isbn/0881322415-L.jpg,https://covers.openlibrary.org/b/isbn/0881322415-M.jpg,https://covers.openlibrary.org/b/isbn/0881322415-S.jpg,,,https://x.com/search?q=from%3Apatrickcollison+Has+Globalization+Gone+Too+Far&src=typed_query,,,,https://openlibrary.org/isbn/0881322415,http://amazon.com/dp/0881322415
The Complacent Class,,,1250108691,,0,,https://covers.openlibrary.org/b/isbn/1250108691-L.jpg,,read,The Self-Defeating Quest for the American Dream,,,,,,,,,https://covers.openlibrary.org/b/isbn/1250108691-L.jpg,https://covers.openlibrary.org/b/isbn/1250108691-M.jpg,https://covers.openlibrary.org/b/isbn/1250108691-S.jpg,,,https://x.com/search?q=from%3Apatrickcollison+The+Complacent+Class&src=typed_query,,,,https://openlibrary.org/isbn/1250108691,http://amazon.com/dp/1250108691
Something Incredibly Wonderful Happens,,,0151008221,,5,,https://covers.openlibrary.org/b/isbn/0151008221-L.jpg,,favorites,Frank Oppenheimer and the world he made up,,,,,,,,,https://covers.openlibrary.org/b/isbn/0151008221-L.jpg,https://covers.openlibrary.org/b/isbn/0151008221-M.jpg,https://covers.openlibrary.org/b/isbn/0151008221-S.jpg,,,https://x.com/search?q=from%3Apatrickcollison+Something+Incredibly+Wonderful+Happens&src=typed_query,,,,https://openlibrary.org/isbn/0151008221,http://amazon.com/dp/0151008221
I Contain Multitudes,,,0062368591,,0,,https://covers.openlibrary.org/b/isbn/0062368591-L.jpg,,read,The Microbes Within Us and a Grander View of Life,,,,,,,,,https://covers.openlibrary.org/b/isbn/0062368591-L.jpg,https://covers.openlibrary.org/b/isbn/0062368591-M.jpg,https://covers.openlibrary.org/b/isbn/0062368591-S.jpg,,,https://x.com/search?q=from%3Apatrickcollison+I+Contain+Multitudes&src=typed_query,,,,https://openlibrary.org/isbn/0062368591,http://amazon.com/dp/0062368591
The Moral Consequences of Economic Growth,,,0679448918,,0,,https://covers.openlibrary.org/b/isbn/0679448918-L.jpg,,read,,,,,,,,,,https://covers.openlibrary.org/b/isbn/0679448918-L.jpg,https://covers.openlibrary.org/b/isbn/0679448918-M.jpg,https://covers.openlibrary.org/b/isbn/0679448918-S.jpg,,,https://x.com/search?q=from%3Apatrickcollison+The+Moral+Consequences+of+Economic+Growth&src=typed_query,,,,https://openlibrary.org/isbn/0679448918,http://amazon.com/dp/0679448918
The Future and Its Enemies,,,0684827603,,0,,https://covers.openlibrary.org/b/isbn/0684827603-L.jpg,,read,"The Growing Conflict Over Creativity, Enterprise, and Progress",,,,,,,,,https://covers.openlibrary.org/b/isbn/0684827603-L.jpg,https://covers.openlibrary.org/b/isbn/0684827603-M.jpg,https://covers.openlibrary.org/b/isbn/0684827603-S.jpg,,,https://x.com/search?q=from%3Apatrickcollison+The+Future+and+Its+Enemies&src=typed_query,,,,https://openlibrary.org/isbn/0684827603,http://amazon.com/dp/0684827603
The Well-Tempered City,,,0062234722,,0,,https://covers.openlibrary.org/b/isbn/0062234722-L.jpg,,read,"What Modern Science, Ancient Civilizations, and Human Nature Teach Us About the Future of Urban Life",,,,,,,,,https://covers.openlibrary.org/b/isbn/0062234722-L.jpg,https://covers.openlibrary.org/b/isbn/0062234722-M.jpg,https://covers.openlibrary.org/b/isbn/0062234722-S.jpg,,,https://x.com/search?q=from%3Apatrickcollison+The+WellTempered+City&src=typed_query,,,,https://openlibrary.org/isbn/0062234722,http://amazon.com/dp/0062234722
The Transit of Venus,,,0670724262,,0,,https://covers.openlibrary.org/b/isbn/0670724262-L.jpg,,read,,,,,,,,,,https://covers.openlibrary.org/b/isbn/0670724262-L.jpg,https://covers.openlibrary.org/b/isbn/0670724262-M.jpg,https://covers.openlibrary.org/b/isbn/0670724262-S.jpg,,,https://x.com/search?q=from%3Apatrickcollison+The+Transit+of+Venus&src=typed_query,,,,https://openlibrary.org/isbn/0670724262,http://amazon.com/dp/0670724262
The feminine mystique,,,B0007EA5ZO,,4,,,,highly-recommended,,,,,,,,,,,,,,,https://x.com/search?q=from%3Apatrickcollison+The+feminine+mystique&src=typed_query,,,,https://openlibrary.org/search?q=B0007EA5ZO,http://amazon.com/dp/B0007EA5ZO
Coding the Matrix,,,0615880991,,0,,https://covers.openlibrary.org/b/isbn/0615880991-L.jpg,,read,Linear Algebra through Applications to Computer Science,,,,,,,,,https://covers.openlibrary.org/b/isbn/0615880991-L.jpg,https://covers.openlibrary.org/b/isbn/0615880991-M.jpg,https://covers.openlibrary.org/b/isbn/0615880991-S.jpg,,,https://x.com/search?q=from%3Apatrickcollison+Coding+the+Matrix&src=typed_query,,,,https://openlibrary.org/isbn/0615880991,http://amazon.com/dp/0615880991
From Satori to Silicon Valley,,,0917583094,,0,,https://covers.openlibrary.org/b/isbn/0917583094-L.jpg,,read,San Francisco and the American Counterculture,,,,,,,,,https://covers.openlibrary.org/b/isbn/0917583094-L.jpg,https://covers.openlibrary.org/b/isbn/0917583094-M.jpg,https://covers.openlibrary.org/b/isbn/0917583094-S.jpg,,,https://x.com/search?q=from%3Apatrickcollison+From+Satori+to+Silicon+Valley&src=typed_query,,,,https://openlibrary.org/isbn/0917583094,http://amazon.com/dp/0917583094
The Simple Science of Flight,,,0262513137,,0,,https://covers.openlibrary.org/b/isbn/0262513137-L.jpg,,read,From Insects to Jumbo Jets,,,,,,,,,https://covers.openlibrary.org/b/isbn/0262513137-L.jpg,https://covers.openlibrary.org/b/isbn/0262513137-M.jpg,https://covers.openlibrary.org/b/isbn/0262513137-S.jpg,,,https://x.com/search?q=from%3Apatrickcollison+The+Simple+Science+of+Flight&src=typed_query,,,,https://openlibrary.org/isbn/0262513137,http://amazon.com/dp/0262513137
Quantum Field Theory in a Nutshell,,,0691010196,,0,,https://covers.openlibrary.org/b/isbn/0691010196-L.jpg,,read,,,,,,,,,,https://covers.openlibrary.org/b/isbn/0691010196-L.jpg,https://covers.openlibrary.org/b/isbn/0691010196-M.jpg,https://covers.openlibrary.org/b/isbn/0691010196-S.jpg,,,https://x.com/search?q=from%3Apatrickcollison+Quantum+Field+Theory+in+a+Nutshell&src=typed_query,,,,https://openlibrary.org/isbn/0691010196,http://amazon.com/dp/0691010196
Book from the Ground,,,0262027089,,0,,https://covers.openlibrary.org/b/isbn/0262027089-L.jpg,,read,from point to point,,,,,,,,,https://covers.openlibrary.org/b/isbn/0262027089-L.jpg,https://covers.openlibrary.org/b/isbn/0262027089-M.jpg,https://covers.openlibrary.org/b/isbn/0262027089-S.jpg,,,https://x.com/search?q=from%3Apatrickcollison+Book+from+the+Ground&src=typed_query,,,,https://openlibrary.org/isbn/0262027089,http://amazon.com/dp/0262027089
Simulation and Its Discontents,,,0262012707,,0,,https://covers.openlibrary.org/b/isbn/0262012707-L.jpg,,read,"(Simplicity: Design, Technology, Business, Life)",,,,,,,,,https://covers.openlibrary.org/b/isbn/0262012707-L.jpg,https://covers.openlibrary.org/b/isbn/0262012707-M.jpg,https://covers.openlibrary.org/b/isbn/0262012707-S.jpg,,,https://x.com/search?q=from%3Apatrickcollison+Simulation+and+Its+Discontents&src=typed_query,,,,https://openlibrary.org/isbn/0262012707,http://amazon.com/dp/0262012707
Spacetime and Geometry,,,0805387323,,4,,https://covers.openlibrary.org/b/isbn/0805387323-L.jpg,,highly-recommended,An Introduction to General Relativity,,,,,,,,,https://covers.openlibrary.org/b/isbn/0805387323-L.jpg,https://covers.openlibrary.org/b/isbn/0805387323-M.jpg,https://covers.openlibrary.org/b/isbn/0805387323-S.jpg,,,https://x.com/search?q=from%3Apatrickcollison+Spacetime+and+Geometry&src=typed_query,,,,https://openlibrary.org/isbn/0805387323,http://amazon.com/dp/0805387323
"The Biology of Cancer, 2nd Edition",,,0815342209,,0,,https://covers.openlibrary.org/b/isbn/0815342209-L.jpg,,read,,,,,,,,,,https://covers.openlibrary.org/b/isbn/0815342209-L.jpg,https://covers.openlibrary.org/b/isbn/0815342209-M.jpg,https://covers.openlibrary.org/b/isbn/0815342209-S.jpg,,,https://x.com/search?q=from%3Apatrickcollison+The+Biology+of+Cancer+2nd+Edition&src=typed_query,,,,https://openlibrary.org/isbn/0815342209,http://amazon.com/dp/0815342209
The Child's Discovery of Space,,,014080384X,,0,,,,read,From Hopscotch to Mazes,,,,,,,,,,,,,,https://x.com/search?q=from%3Apatrickcollison+The+Childs+Discovery+of+Space&src=typed_query,,,,https://openlibrary.org/search?q=014080384X,http://www.amazon.co.uk/The-Childs-Discovery-Space-Hopscotch/dp/014080384X
"Zen Mind, Beginner's Mind",,,B004WKAMAM,,0,,,,read,,,,,,,,,,,,,,,https://x.com/search?q=from%3Apatrickcollison+Zen+Mind+Beginners+Mind&src=typed_query,,,,https://openlibrary.org/search?q=B004WKAMAM,http://amazon.com/dp/B004WKAMAM
Regional Advantage,,,0674753402,,0,,https://covers.openlibrary.org/b/isbn/0674753402-L.jpg,,read,Culture and Competition in Silicon Valley and Route 128,,,,,,,,,https://covers.openlibrary.org/b/isbn/0674753402-L.jpg,https://covers.openlibrary.org/b/isbn/0674753402-M.jpg,https://covers.openlibrary.org/b/isbn/0674753402-S.jpg,,,https://x.com/search?q=from%3Apatrickcollison+Regional+Advantage&src=typed_query,,,,https://openlibrary.org/isbn/0674753402,http://amazon.com/dp/0674753402
Artificial Intelligence,,,0137903952,,0,,https://covers.openlibrary.org/b/isbn/0137903952-L.jpg,,read,A Modern Approach (2nd Edition),,,,,,,,,https://covers.openlibrary.org/b/isbn/0137903952-L.jpg,https://covers.openlibrary.org/b/isbn/0137903952-M.jpg,https://covers.openlibrary.org/b/isbn/0137903952-S.jpg,,,https://x.com/search?q=from%3Apatrickcollison+Artificial+Intelligence&src=typed_query,,,,https://openlibrary.org/isbn/0137903952,http://amazon.com/dp/0137903952
How to Lie with Statistics,,,0393310728,,0,,https://covers.openlibrary.org/b/isbn/0393310728-L.jpg,,read,,,,,,,,,,https://covers.openlibrary.org/b/isbn/0393310728-L.jpg,https://covers.openlibrary.org/b/isbn/0393310728-M.jpg,https://covers.openlibrary.org/b/isbn/0393310728-S.jpg,,,https://x.com/search?q=from%3Apatrickcollison+How+to+Lie+with+Statistics&src=typed_query,,,,https://openlibrary.org/isbn/0393310728,http://amazon.com/dp/0393310728
Oliver Byrne,,,3836544717,,0,,https://covers.openlibrary.org/b/isbn/3836544717-L.jpg,,read,The First Six Books of the Elements of Euclid,,,,,,,,,https://covers.openlibrary.org/b/isbn/3836544717-L.jpg,https://covers.openlibrary.org/b/isbn/3836544717-M.jpg,https://covers.openlibrary.org/b/isbn/3836544717-S.jpg,,,https://x.com/search?q=from%3Apatrickcollison+Oliver+Byrne&src=typed_query,,,,https://openlibrary.org/isbn/3836544717,http://amazon.com/dp/3836544717
How to Study Public Life,,,1610914236,,0,,https://covers.openlibrary.org/b/isbn/1610914236-L.jpg,,read,,,,,,,,,,https://covers.openlibrary.org/b/isbn/1610914236-L.jpg,https://covers.openlibrary.org/b/isbn/1610914236-M.jpg,https://covers.openlibrary.org/b/isbn/1610914236-S.jpg,,,https://x.com/search?q=from%3Apatrickcollison+How+to+Study+Public+Life&src=typed_query,,,,https://openlibrary.org/isbn/1610914236,http://amazon.com/dp/1610914236
The Princeton Companion to Applied Mathematics,,,0691150397,,4,,https://covers.openlibrary.org/b/isbn/0691150397-L.jpg,,highly-recommended,,,,,,,,,,https://covers.openlibrary.org/b/isbn/0691150397-L.jpg,https://covers.openlibrary.org/b/isbn/0691150397-M.jpg,https://covers.openlibrary.org/b/isbn/0691150397-S.jpg,,,https://x.com/search?q=from%3Apatrickcollison+The+Princeton+Companion+to+Applied+Mathematics&src=typed_query,,,,https://openlibrary.org/isbn/0691150397,http://amazon.com/dp/0691150397
A Decade of Research,,,0835213277,,4,,https://covers.openlibrary.org/b/isbn/0835213277-L.jpg,,highly-recommended,"Xerox Palo Alto Research Center, 1970-1980",,,,,,,,,https://covers.openlibrary.org/b/isbn/0835213277-L.jpg,https://covers.openlibrary.org/b/isbn/0835213277-M.jpg,https://covers.openlibrary.org/b/isbn/0835213277-S.jpg,,,https://x.com/search?q=from%3Apatrickcollison+A+Decade+of+Research&src=typed_query,,,,https://openlibrary.org/isbn/0835213277,http://amazon.com/dp/0835213277
The Planet Remade,,,0691148252,,4,,https://covers.openlibrary.org/b/isbn/0691148252-L.jpg,,highly-recommended,How Geoengineering Could Change the World,,,,,,,,,https://covers.openlibrary.org/b/isbn/0691148252-L.jpg,https://covers.openlibrary.org/b/isbn/0691148252-M.jpg,https://covers.openlibrary.org/b/isbn/0691148252-S.jpg,,,https://x.com/search?q=from%3Apatrickcollison+The+Planet+Remade&src=typed_query,,,,https://openlibrary.org/isbn/0691148252,http://amazon.com/dp/0691148252
The Long Way,,,0924486848,,4,,https://covers.openlibrary.org/b/isbn/0924486848-L.jpg,,highly-recommended,,,,,,,,,,https://covers.openlibrary.org/b/isbn/0924486848-L.jpg,https://covers.openlibrary.org/b/isbn/0924486848-M.jpg,https://covers.openlibrary.org/b/isbn/0924486848-S.jpg,,,https://x.com/search?q=from%3Apatrickcollison+The+Long+Way&src=typed_query,,,,https://openlibrary.org/isbn/0924486848,http://amazon.com/dp/0924486848
Hard Landing,,,0812928350,,5,,https://covers.openlibrary.org/b/isbn/0812928350-L.jpg,,favorites,The Epic Contest for Power and Profits That Plunged the Airlines into Chaos,,,,,,,,,https://covers.openlibrary.org/b/isbn/0812928350-L.jpg,https://covers.openlibrary.org/b/isbn/0812928350-M.jpg,https://covers.openlibrary.org/b/isbn/0812928350-S.jpg,,,https://x.com/search?q=from%3Apatrickcollison+Hard+Landing&src=typed_query,,,,https://openlibrary.org/isbn/0812928350,http://amazon.com/dp/0812928350
What to Think About Machines That Think,,,006242565X,,0,,,,read,Today's Leading Thinkers on the Age of Machine Intelligence,,,,,,,,,,,,,,https://x.com/search?q=from%3Apatrickcollison+What+to+Think+About+Machines+That+Think&src=typed_query,,,,https://openlibrary.org/search?q=006242565X,http://amazon.com/dp/006242565X
Designing for People,,,1581153120,,0,,https://covers.openlibrary.org/b/isbn/1581153120-L.jpg,,read,,,,,,,,,,https://covers.openlibrary.org/b/isbn/1581153120-L.jpg,https://covers.openlibrary.org/b/isbn/1581153120-M.jpg,https://covers.openlibrary.org/b/isbn/1581153120-S.jpg,,,https://x.com/search?q=from%3Apatrickcollison+Designing+for+People&src=typed_query,,,,https://openlibrary.org/isbn/1581153120,http://amazon.com/dp/1581153120
The Problem of Political Authority,,,1137281650,,0,,https://covers.openlibrary.org/b/isbn/1137281650-L.jpg,,read,An Examination of the Right to Coerce and the Duty to Obey,,,,,,,,,https://covers.openlibrary.org/b/isbn/1137281650-L.jpg,https://covers.openlibrary.org/b/isbn/1137281650-M.jpg,https://covers.openlibrary.org/b/isbn/1137281650-S.jpg,,,https://x.com/search?q=from%3Apatrickcollison+The+Problem+of+Political+Authority&src=typed_query,,,,https://openlibrary.org/isbn/1137281650,http://amazon.com/dp/1137281650
Tenth of December,,,0812984250,,0,,https://covers.openlibrary.org/b/isbn/0812984250-L.jpg,,read,Stories,,,,,,,,,https://covers.openlibrary.org/b/isbn/0812984250-L.jpg,https://covers.openlibrary.org/b/isbn/0812984250-M.jpg,https://covers.openlibrary.org/b/isbn/0812984250-S.jpg,,,https://x.com/search?q=from%3Apatrickcollison+Tenth+of+December&src=typed_query,,,,https://openlibrary.org/isbn/0812984250,http://amazon.com/dp/0812984250
Strangers Drowning,,,1594204330,,0,,https://covers.openlibrary.org/b/isbn/1594204330-L.jpg,,read,"Grappling with Impossible Idealism, Drastic Choices, and the Overpowering Urge to Help",,,,,,,,,https://covers.openlibrary.org/b/isbn/1594204330-L.jpg,https://covers.openlibrary.org/b/isbn/1594204330-M.jpg,https://covers.openlibrary.org/b/isbn/1594204330-S.jpg,,,https://x.com/search?q=from%3Apatrickcollison+Strangers+Drowning&src=typed_query,,,,https://openlibrary.org/isbn/1594204330,http://amazon.com/dp/1594204330
Nixon Agonistes,,,0618134328,,5,,https://covers.openlibrary.org/b/isbn/0618134328-L.jpg,,favorites,The Crisis of the Self-Made Man,,,,,,,,,https://covers.openlibrary.org/b/isbn/0618134328-L.jpg,https://covers.openlibrary.org/b/isbn/0618134328-M.jpg,https://covers.openlibrary.org/b/isbn/0618134328-S.jpg,,,https://x.com/search?q=from%3Apatrickcollison+Nixon+Agonistes&src=typed_query,,,,https://openlibrary.org/isbn/0618134328,http://amazon.com/dp/0618134328
The Dream Machine,,,0670899763,,5,,https://covers.openlibrary.org/b/isbn/0670899763-L.jpg,,favorites,J.C.R. Licklider and the Revolution That Made Computing Personal,,,,,,,,,https://covers.openlibrary.org/b/isbn/0670899763-L.jpg,https://covers.openlibrary.org/b/isbn/0670899763-M.jpg,https://covers.openlibrary.org/b/isbn/0670899763-S.jpg,,,https://x.com/search?q=from%3Apatrickcollison+The+Dream+Machine&src=typed_query,,,,https://openlibrary.org/isbn/0670899763,http://amazon.com/dp/0670899763
The Trouble With Physics,,,061891868X,,0,,,,read,"The Rise of String Theory, The Fall of a Science, and What Comes Next",,,,,,,,,,,,,,https://x.com/search?q=from%3Apatrickcollison+The+Trouble+With+Physics&src=typed_query,,,,https://openlibrary.org/search?q=061891868X,http://amazon.com/dp/061891868X
Organizing Genius,,,0201339897,,0,,https://covers.openlibrary.org/b/isbn/0201339897-L.jpg,,read,The Secrets of Creative Collaboration,,,,,,,,,https://covers.openlibrary.org/b/isbn/0201339897-L.jpg,https://covers.openlibrary.org/b/isbn/0201339897-M.jpg,https://covers.openlibrary.org/b/isbn/0201339897-S.jpg,,,https://x.com/search?q=from%3Apatrickcollison+Organizing+Genius&src=typed_query,,,,https://openlibrary.org/isbn/0201339897,http://amazon.com/dp/0201339897
Global Catastrophic Risks,,,0199606501,,4,,https://covers.openlibrary.org/b/isbn/0199606501-L.jpg,,highly-recommended,,,,,,,,,,https://covers.openlibrary.org/b/isbn/0199606501-L.jpg,https://covers.openlibrary.org/b/isbn/0199606501-M.jpg,https://covers.openlibrary.org/b/isbn/0199606501-S.jpg,,,https://x.com/search?q=from%3Apatrickcollison+Global+Catastrophic+Risks&src=typed_query,,,,https://openlibrary.org/isbn/0199606501,http://amazon.com/dp/0199606501
The Culture of Education,,,0674179536,,0,,https://covers.openlibrary.org/b/isbn/0674179536-L.jpg,,read,,,,,,,,,,https://covers.openlibrary.org/b/isbn/0674179536-L.jpg,https://covers.openlibrary.org/b/isbn/0674179536-M.jpg,https://covers.openlibrary.org/b/isbn/0674179536-S.jpg,,,https://x.com/search?q=from%3Apatrickcollison+The+Culture+of+Education&src=typed_query,,,,https://openlibrary.org/isbn/0674179536,http://amazon.com/dp/0674179536
Libraries of the Future,,,026212016X,,0,,,,read,,,,,,,,,,,,,,,https://x.com/search?q=from%3Apatrickcollison+Libraries+of+the+Future&src=typed_query,,,,https://openlibrary.org/search?q=026212016X,http://amazon.com/dp/026212016X
Age of Ambition,,,0374280746,,5,,https://covers.openlibrary.org/b/isbn/0374280746-L.jpg,,favorites,"Chasing Fortune, Truth, and Faith in the New China",,,,,,,,,https://covers.openlibrary.org/b/isbn/0374280746-L.jpg,https://covers.openlibrary.org/b/isbn/0374280746-M.jpg,https://covers.openlibrary.org/b/isbn/0374280746-S.jpg,,,https://x.com/search?q=from%3Apatrickcollison+Age+of+Ambition&src=typed_query,,,,https://openlibrary.org/isbn/0374280746,http://amazon.com/dp/0374280746
Things Hidden Since the Foundation of the World,,,0804722153,,0,,https://covers.openlibrary.org/b/isbn/0804722153-L.jpg,,read,,,,,,,,,,https://covers.openlibrary.org/b/isbn/0804722153-L.jpg,https://covers.openlibrary.org/b/isbn/0804722153-M.jpg,https://covers.openlibrary.org/b/isbn/0804722153-S.jpg,,,https://x.com/search?q=from%3Apatrickcollison+Things+Hidden+Since+the+Foundation+of+the+World&src=typed_query,,,,https://openlibrary.org/isbn/0804722153,http://amazon.com/dp/0804722153
Quantum Mechanics,,,0470026790,,0,,https://covers.openlibrary.org/b/isbn/0470026790-L.jpg,,read,Concepts and Applications,,,,,,,,,https://covers.openlibrary.org/b/isbn/0470026790-L.jpg,https://covers.openlibrary.org/b/isbn/0470026790-M.jpg,https://covers.openlibrary.org/b/isbn/0470026790-S.jpg,,,https://x.com/search?q=from%3Apatrickcollison+Quantum+Mechanics&src=typed_query,,,,https://openlibrary.org/isbn/0470026790,http://amazon.com/dp/0470026790
Our Knowledge of the External World (Routledge Classics),,,0415473772,,0,,https://covers.openlibrary.org/b/isbn/0415473772-L.jpg,,read,,,,,,,,,,https://covers.openlibrary.org/b/isbn/0415473772-L.jpg,https://covers.openlibrary.org/b/isbn/0415473772-M.jpg,https://covers.openlibrary.org/b/isbn/0415473772-S.jpg,,,https://x.com/search?q=from%3Apatrickcollison+Our+Knowledge+of+the+External+World+Routledge+Classics&src=typed_query,,,,https://openlibrary.org/isbn/0415473772,http://amazon.com/dp/0415473772
Toward a Theory of Instruction,,,0674897005,,4,,https://covers.openlibrary.org/b/isbn/0674897005-L.jpg,,highly-recommended,,,,,,,,,,https://covers.openlibrary.org/b/isbn/0674897005-L.jpg,https://covers.openlibrary.org/b/isbn/0674897005-M.jpg,https://covers.openlibrary.org/b/isbn/0674897005-S.jpg,,,https://x.com/search?q=from%3Apatrickcollison+Toward+a+Theory+of+Instruction&src=typed_query,,,,https://openlibrary.org/isbn/0674897005,http://amazon.com/dp/0674897005
Myth of the Machine,,,0156623412,,4,,https://covers.openlibrary.org/b/isbn/0156623412-L.jpg,,highly-recommended,Technics and Human Development,,,,,,,,,https://covers.openlibrary.org/b/isbn/0156623412-L.jpg,https://covers.openlibrary.org/b/isbn/0156623412-M.jpg,https://covers.openlibrary.org/b/isbn/0156623412-S.jpg,,,https://x.com/search?q=from%3Apatrickcollison+Myth+of+the+Machine&src=typed_query,,,,https://openlibrary.org/isbn/0156623412,http://amazon.com/dp/0156623412
Season of the Witch,,,B00BR5KABQ,,4,,,,highly-recommended,"Enchantment, Terror and Deliverance in the City of Love",,,,,,,,,,,,,,https://x.com/search?q=from%3Apatrickcollison+Season+of+the+Witch&src=typed_query,,,,https://openlibrary.org/search?q=B00BR5KABQ,http://amazon.com/dp/B00BR5KABQ
A History of Western Philosophy; And its Connection with Political and Social Circumstances from the Earliest Times to the Present Day,,,0415078547,,0,,https://covers.openlibrary.org/b/isbn/0415078547-L.jpg,,read,,,,,,,,,,https://covers.openlibrary.org/b/isbn/0415078547-L.jpg,https://covers.openlibrary.org/b/isbn/0415078547-M.jpg,https://covers.openlibrary.org/b/isbn/0415078547-S.jpg,,,https://x.com/search?q=from%3Apatrickcollison+A+History+of+Western+Philosophy+And+its+Connection+with+Poli&src=typed_query,,,,https://openlibrary.org/isbn/0415078547,http://amazon.com/dp/0415078547
The Oregon Experiment (Center for Environmental Structure),,,0195018249,,0,,https://covers.openlibrary.org/b/isbn/0195018249-L.jpg,,read,,,,,,,,,,https://covers.openlibrary.org/b/isbn/0195018249-L.jpg,https://covers.openlibrary.org/b/isbn/0195018249-M.jpg,https://covers.openlibrary.org/b/isbn/0195018249-S.jpg,,,https://x.com/search?q=from%3Apatrickcollison+The+Oregon+Experiment+Center+for+Environmental+Structure&src=typed_query,,,,https://openlibrary.org/isbn/0195018249,http://amazon.com/dp/0195018249
Superforecasting,,,0804136696,,0,,https://covers.openlibrary.org/b/isbn/0804136696-L.jpg,,read,The Art and Science of Prediction,,,,,,,,,https://covers.openlibrary.org/b/isbn/0804136696-L.jpg,https://covers.openlibrary.org/b/isbn/0804136696-M.jpg,https://covers.openlibrary.org/b/isbn/0804136696-S.jpg,,,https://x.com/search?q=from%3Apatrickcollison+Superforecasting&src=typed_query,,,,https://openlibrary.org/isbn/0804136696,http://amazon.com/dp/0804136696
If the Universe Is Teeming with Aliens ... WHERE IS EVERYBODY?,,,0387955011,,5,,https://covers.openlibrary.org/b/isbn/0387955011-L.jpg,,favorites,Fifty Solutions to the Fermi Paradox and the Problem of Extraterrestrial Life,,,,,,,,,https://covers.openlibrary.org/b/isbn/0387955011-L.jpg,https://covers.openlibrary.org/b/isbn/0387955011-M.jpg,https://covers.openlibrary.org/b/isbn/0387955011-S.jpg,,,https://x.com/search?q=from%3Apatrickcollison+If+the+Universe+Is+Teeming+with+Aliens++WHERE+IS+EVERYBODY&src=typed_query,,,,https://openlibrary.org/isbn/0387955011,http://amazon.com/dp/0387955011
An Introduction to Harmonic Analysis (Cambridge Mathematical Library),,,0521543592,,0,,https://covers.openlibrary.org/b/isbn/0521543592-L.jpg,,read,,,,,,,,,,https://covers.openlibrary.org/b/isbn/0521543592-L.jpg,https://covers.openlibrary.org/b/isbn/0521543592-M.jpg,https://covers.openlibrary.org/b/isbn/0521543592-S.jpg,,,https://x.com/search?q=from%3Apatrickcollison+An+Introduction+to+Harmonic+Analysis+Cambridge+Mathematical&src=typed_query,,,,https://openlibrary.org/isbn/0521543592,http://amazon.com/dp/0521543592
Enlightenment 2.0,,,0062342894,,0,,https://covers.openlibrary.org/b/isbn/0062342894-L.jpg,,read,"Restoring sanity to our politics, our economy, and our lives",,,,,,,,,https://covers.openlibrary.org/b/isbn/0062342894-L.jpg,https://covers.openlibrary.org/b/isbn/0062342894-M.jpg,https://covers.openlibrary.org/b/isbn/0062342894-S.jpg,,,https://x.com/search?q=from%3Apatrickcollison+Enlightenment+20&src=typed_query,,,,https://openlibrary.org/isbn/0062342894,http://amazon.com/dp/0062342894
The Antarctic Book of Cooking and Cleaning,,,0062395033,,0,,https://covers.openlibrary.org/b/isbn/0062395033-L.jpg,,read,A Polar Journey,,,,,,,,,https://covers.openlibrary.org/b/isbn/0062395033-L.jpg,https://covers.openlibrary.org/b/isbn/0062395033-M.jpg,https://covers.openlibrary.org/b/isbn/0062395033-S.jpg,,,https://x.com/search?q=from%3Apatrickcollison+The+Antarctic+Book+of+Cooking+and+Cleaning&src=typed_query,,,,https://openlibrary.org/isbn/0062395033,http://amazon.com/dp/0062395033
Team of Teams,,,1591847486,,0,,https://covers.openlibrary.org/b/isbn/1591847486-L.jpg,,read,New Rules of Engagement for a Complex World,,,,,,,,,https://covers.openlibrary.org/b/isbn/1591847486-L.jpg,https://covers.openlibrary.org/b/isbn/1591847486-M.jpg,https://covers.openlibrary.org/b/isbn/1591847486-S.jpg,,,https://x.com/search?q=from%3Apatrickcollison+Team+of+Teams&src=typed_query,,,,https://openlibrary.org/isbn/1591847486,http://amazon.com/dp/1591847486
Wooden on Leadership,,,0071453393,,0,,https://covers.openlibrary.org/b/isbn/0071453393-L.jpg,,read,How to Create a Winning Organization,,,,,,,,,https://covers.openlibrary.org/b/isbn/0071453393-L.jpg,https://covers.openlibrary.org/b/isbn/0071453393-M.jpg,https://covers.openlibrary.org/b/isbn/0071453393-S.jpg,,,https://x.com/search?q=from%3Apatrickcollison+Wooden+on+Leadership&src=typed_query,,,,https://openlibrary.org/isbn/0071453393,http://amazon.com/dp/0071453393
Wooden,,,0809230410,,0,,https://covers.openlibrary.org/b/isbn/0809230410-L.jpg,,read,A Lifetime of Observations and Reflections On and Off the Court,,,,,,,,,https://covers.openlibrary.org/b/isbn/0809230410-L.jpg,https://covers.openlibrary.org/b/isbn/0809230410-M.jpg,https://covers.openlibrary.org/b/isbn/0809230410-S.jpg,,,https://x.com/search?q=from%3Apatrickcollison+Wooden&src=typed_query,,,,https://openlibrary.org/isbn/0809230410,http://amazon.com/dp/0809230410
From Third World to First,,,0060197765,,0,,https://covers.openlibrary.org/b/isbn/0060197765-L.jpg,,read,The Singapore Story - 1965-2000,,,,,,,,,https://covers.openlibrary.org/b/isbn/0060197765-L.jpg,https://covers.openlibrary.org/b/isbn/0060197765-M.jpg,https://covers.openlibrary.org/b/isbn/0060197765-S.jpg,,,https://x.com/search?q=from%3Apatrickcollison+From+Third+World+to+First&src=typed_query,,,,https://openlibrary.org/isbn/0060197765,http://amazon.com/dp/0060197765
The Hand,,,0679412492,,0,,https://covers.openlibrary.org/b/isbn/0679412492-L.jpg,,read,"How Its Use Shapes the Brain, Language, and Human Culture",,,,,,,,,https://covers.openlibrary.org/b/isbn/0679412492-L.jpg,https://covers.openlibrary.org/b/isbn/0679412492-M.jpg,https://covers.openlibrary.org/b/isbn/0679412492-S.jpg,,,https://x.com/search?q=from%3Apatrickcollison+The+Hand&src=typed_query,,,,https://openlibrary.org/isbn/0679412492,http://amazon.com/dp/0679412492
Stories of Your Life and Others,,,B0048EKOP0,,4,,,,highly-recommended,,,,,,,,,,,,,,,https://x.com/search?q=from%3Apatrickcollison+Stories+of+Your+Life+and+Others&src=typed_query,,,,https://openlibrary.org/search?q=B0048EKOP0,http://amazon.com/dp/B0048EKOP0
Inventing Freedom,,,006223174X,,0,,,,read,How the English-Speaking Peoples Made the Modern World,,,,,,,,,,,,,,https://x.com/search?q=from%3Apatrickcollison+Inventing+Freedom&src=typed_query,,,,https://openlibrary.org/search?q=006223174X,http://amazon.com/dp/006223174X
The Clockwork Rocket (Orthogonal),,,1597802921,,0,,https://covers.openlibrary.org/b/isbn/1597802921-L.jpg,,read,,,,,,,,,,https://covers.openlibrary.org/b/isbn/1597802921-L.jpg,https://covers.openlibrary.org/b/isbn/1597802921-M.jpg,https://covers.openlibrary.org/b/isbn/1597802921-S.jpg,,,https://x.com/search?q=from%3Apatrickcollison+The+Clockwork+Rocket+Orthogonal&src=typed_query,,,,https://openlibrary.org/isbn/1597802921,http://amazon.com/dp/1597802921
Impro,,,0878301178,,0,,https://covers.openlibrary.org/b/isbn/0878301178-L.jpg,,read,Improvisation and the Theatre,,,,,,,,,https://covers.openlibrary.org/b/isbn/0878301178-L.jpg,https://covers.openlibrary.org/b/isbn/0878301178-M.jpg,https://covers.openlibrary.org/b/isbn/0878301178-S.jpg,,,https://x.com/search?q=from%3Apatrickcollison+Impro&src=typed_query,,,,https://openlibrary.org/isbn/0878301178,http://amazon.com/dp/0878301178
A Theory of Fun for Game Design,,,1932111972,,0,,https://covers.openlibrary.org/b/isbn/1932111972-L.jpg,,read,,,,,,,,,,https://covers.openlibrary.org/b/isbn/1932111972-L.jpg,https://covers.openlibrary.org/b/isbn/1932111972-M.jpg,https://covers.openlibrary.org/b/isbn/1932111972-S.jpg,,,https://x.com/search?q=from%3Apatrickcollison+A+Theory+of+Fun+for+Game+Design&src=typed_query,,,,https://openlibrary.org/isbn/1932111972,http://amazon.com/dp/1932111972
Seven Pillars of Wisdom,,,1500601381,,0,,https://covers.openlibrary.org/b/isbn/1500601381-L.jpg,,read,A Triumph: The Complete 1922 Text,,,,,,,,,https://covers.openlibrary.org/b/isbn/1500601381-L.jpg,https://covers.openlibrary.org/b/isbn/1500601381-M.jpg,https://covers.openlibrary.org/b/isbn/1500601381-S.jpg,,,https://x.com/search?q=from%3Apatrickcollison+Seven+Pillars+of+Wisdom&src=typed_query,,,,https://openlibrary.org/isbn/1500601381,http://amazon.com/dp/1500601381
Whisky Classified,,,1862059136,,0,,https://covers.openlibrary.org/b/isbn/1862059136-L.jpg,,read,Choosing Single Malts by Flavour,,,,,,,,,https://covers.openlibrary.org/b/isbn/1862059136-L.jpg,https://covers.openlibrary.org/b/isbn/1862059136-M.jpg,https://covers.openlibrary.org/b/isbn/1862059136-S.jpg,,,https://x.com/search?q=from%3Apatrickcollison+Whisky+Classified&src=typed_query,,,,https://openlibrary.org/isbn/1862059136,http://amazon.com/dp/1862059136
Steve Jobs,,,B00HTKAE5A,,0,,,,read,,,,,,,,,,,,,,,https://x.com/search?q=from%3Apatrickcollison+Steve+Jobs&src=typed_query,,,,https://openlibrary.org/search?q=B00HTKAE5A,http://amazon.com/dp/B00HTKAE5A
The Moon,,,0387360557,,0,,https://covers.openlibrary.org/b/isbn/0387360557-L.jpg,,read,"Resources, Future Development and Settlement (Springer Praxis Books)",,,,,,,,,https://covers.openlibrary.org/b/isbn/0387360557-L.jpg,https://covers.openlibrary.org/b/isbn/0387360557-M.jpg,https://covers.openlibrary.org/b/isbn/0387360557-S.jpg,,,https://x.com/search?q=from%3Apatrickcollison+The+Moon&src=typed_query,,,,https://openlibrary.org/isbn/0387360557,http://amazon.com/dp/0387360557
The Kraus Project,,,1250056039,,0,,https://covers.openlibrary.org/b/isbn/1250056039-L.jpg,,read,Essays by Karl Kraus,,,,,,,,,https://covers.openlibrary.org/b/isbn/1250056039-L.jpg,https://covers.openlibrary.org/b/isbn/1250056039-M.jpg,https://covers.openlibrary.org/b/isbn/1250056039-S.jpg,,,https://x.com/search?q=from%3Apatrickcollison+The+Kraus+Project&src=typed_query,,,,https://openlibrary.org/isbn/1250056039,http://amazon.com/dp/1250056039
The Mathematical Experience,,,0817637397,,0,,https://covers.openlibrary.org/b/isbn/0817637397-L.jpg,,read,Study Edition,,,,,,,,,https://covers.openlibrary.org/b/isbn/0817637397-L.jpg,https://covers.openlibrary.org/b/isbn/0817637397-M.jpg,https://covers.openlibrary.org/b/isbn/0817637397-S.jpg,,,https://x.com/search?q=from%3Apatrickcollison+The+Mathematical+Experience&src=typed_query,,,,https://openlibrary.org/isbn/0817637397,http://amazon.com/dp/0817637397
Grid Systems in Graphic Design,,,3721201450,,0,,https://covers.openlibrary.org/b/isbn/3721201450-L.jpg,,read,"A Visual Communication Manual for Graphic Designers, Typographers and Three Dimensional Designers (German and English Edition)",,,,,,,,,https://covers.openlibrary.org/b/isbn/3721201450-L.jpg,https://covers.openlibrary.org/b/isbn/3721201450-M.jpg,https://covers.openlibrary.org/b/isbn/3721201450-S.jpg,,,https://x.com/search?q=from%3Apatrickcollison+Grid+Systems+in+Graphic+Design&src=typed_query,,,,https://openlibrary.org/isbn/3721201450,http://amazon.com/dp/3721201450
Pompeii,,,0812974611,,0,,https://covers.openlibrary.org/b/isbn/0812974611-L.jpg,,read,A Novel,,,,,,,,,https://covers.openlibrary.org/b/isbn/0812974611-L.jpg,https://covers.openlibrary.org/b/isbn/0812974611-M.jpg,https://covers.openlibrary.org/b/isbn/0812974611-S.jpg,,,https://x.com/search?q=from%3Apatrickcollison+Pompeii&src=typed_query,,,,https://openlibrary.org/isbn/0812974611,http://amazon.com/dp/0812974611
Chasing the Flame,,,0143114859,,0,,https://covers.openlibrary.org/b/isbn/0143114859-L.jpg,,read,One Man's Fight to Save the World,,,,,,,,,https://covers.openlibrary.org/b/isbn/0143114859-L.jpg,https://covers.openlibrary.org/b/isbn/0143114859-M.jpg,https://covers.openlibrary.org/b/isbn/0143114859-S.jpg,,,https://x.com/search?q=from%3Apatrickcollison+Chasing+the+Flame&src=typed_query,,,,https://openlibrary.org/isbn/0143114859,http://amazon.com/dp/0143114859
Smalltalk-80,,,0201113716,,0,,https://covers.openlibrary.org/b/isbn/0201113716-L.jpg,,read,The Language and its Implementation,,,,,,,,,https://covers.openlibrary.org/b/isbn/0201113716-L.jpg,https://covers.openlibrary.org/b/isbn/0201113716-M.jpg,https://covers.openlibrary.org/b/isbn/0201113716-S.jpg,,,https://x.com/search?q=from%3Apatrickcollison+Smalltalk80&src=typed_query,,,,https://openlibrary.org/isbn/0201113716,http://amazon.com/dp/0201113716
Smalltalk-80,,,0201116693,,0,,https://covers.openlibrary.org/b/isbn/0201116693-L.jpg,,read,"Bits of History, Words of Advice",,,,,,,,,https://covers.openlibrary.org/b/isbn/0201116693-L.jpg,https://covers.openlibrary.org/b/isbn/0201116693-M.jpg,https://covers.openlibrary.org/b/isbn/0201116693-S.jpg,,,https://x.com/search?q=from%3Apatrickcollison+Smalltalk80&src=typed_query,,,,https://openlibrary.org/isbn/0201116693,http://amazon.com/dp/0201116693
Reflections on the Revolution In Europe,,,0385518269,,0,,https://covers.openlibrary.org/b/isbn/0385518269-L.jpg,,read,"Immigration, Islam and the West",,,,,,,,,https://covers.openlibrary.org/b/isbn/0385518269-L.jpg,https://covers.openlibrary.org/b/isbn/0385518269-M.jpg,https://covers.openlibrary.org/b/isbn/0385518269-S.jpg,,,https://x.com/search?q=from%3Apatrickcollison+Reflections+on+the+Revolution+In+Europe&src=typed_query,,,,https://openlibrary.org/isbn/0385518269,http://amazon.com/dp/0385518269
Inside the Peloton,,,1848271115,,0,,https://covers.openlibrary.org/b/isbn/1848271115-L.jpg,,read,My Life as a Professional Cyclist,,,,,,,,,https://covers.openlibrary.org/b/isbn/1848271115-L.jpg,https://covers.openlibrary.org/b/isbn/1848271115-M.jpg,https://covers.openlibrary.org/b/isbn/1848271115-S.jpg,,,https://x.com/search?q=from%3Apatrickcollison+Inside+the+Peloton&src=typed_query,,,,https://openlibrary.org/isbn/1848271115,http://amazon.com/dp/1848271115
It's Our Turn to Eat,,,0061346586,,0,,https://covers.openlibrary.org/b/isbn/0061346586-L.jpg,,read,The Story of a Kenyan Whistle-Blower,,,,,,,,,https://covers.openlibrary.org/b/isbn/0061346586-L.jpg,https://covers.openlibrary.org/b/isbn/0061346586-M.jpg,https://covers.openlibrary.org/b/isbn/0061346586-S.jpg,,,https://x.com/search?q=from%3Apatrickcollison+Its+Our+Turn+to+Eat&src=typed_query,,,,https://openlibrary.org/isbn/0061346586,http://amazon.com/dp/0061346586
The Shellcoder's Handbook,,,047008023X,,0,,,,read,Discovering and Exploiting Security Holes,,,,,,,,,,,,,,https://x.com/search?q=from%3Apatrickcollison+The+Shellcoders+Handbook&src=typed_query,,,,https://openlibrary.org/search?q=047008023X,http://amazon.com/dp/047008023X
A Philosophical Essay on Probabilities,,,1298496853,,0,,https://covers.openlibrary.org/b/isbn/1298496853-L.jpg,,read,,,,,,,,,,https://covers.openlibrary.org/b/isbn/1298496853-L.jpg,https://covers.openlibrary.org/b/isbn/1298496853-M.jpg,https://covers.openlibrary.org/b/isbn/1298496853-S.jpg,,,https://x.com/search?q=from%3Apatrickcollison+A+Philosophical+Essay+on+Probabilities&src=typed_query,,,,https://openlibrary.org/isbn/1298496853,http://amazon.com/dp/1298496853
Only the Paranoid Survive,,,0385483821,,0,,https://covers.openlibrary.org/b/isbn/0385483821-L.jpg,,read,How to Exploit the Crisis Points That Challenge Every Company,,,,,,,,,https://covers.openlibrary.org/b/isbn/0385483821-L.jpg,https://covers.openlibrary.org/b/isbn/0385483821-M.jpg,https://covers.openlibrary.org/b/isbn/0385483821-S.jpg,,,https://x.com/search?q=from%3Apatrickcollison+Only+the+Paranoid+Survive&src=typed_query,,,,https://openlibrary.org/isbn/0385483821,http://amazon.com/dp/0385483821
The Children's Machine,,,0465018300,,0,,https://covers.openlibrary.org/b/isbn/0465018300-L.jpg,,read,Rethinking School In The Age Of The Computer,,,,,,,,,https://covers.openlibrary.org/b/isbn/0465018300-L.jpg,https://covers.openlibrary.org/b/isbn/0465018300-M.jpg,https://covers.openlibrary.org/b/isbn/0465018300-S.jpg,,,https://x.com/search?q=from%3Apatrickcollison+The+Childrens+Machine&src=typed_query,,,,https://openlibrary.org/isbn/0465018300,http://amazon.com/dp/0465018300
Priceless,,,1616083751,,0,,https://covers.openlibrary.org/b/isbn/1616083751-L.jpg,,read,The Case that Brought Down the Visa/MasterCard Bank Cartel,,,,,,,,,https://covers.openlibrary.org/b/isbn/1616083751-L.jpg,https://covers.openlibrary.org/b/isbn/1616083751-M.jpg,https://covers.openlibrary.org/b/isbn/1616083751-S.jpg,,,https://x.com/search?q=from%3Apatrickcollison+Priceless&src=typed_query,,,,https://openlibrary.org/isbn/1616083751,http://amazon.com/dp/1616083751
Tubes,,,B00E31PYVM,,0,,,,read,"A Journey to the Center of the Internet 1st (first) Edition by Blum, Andrew published by Ecco (2012)",,,,,,,,,,,,,,https://x.com/search?q=from%3Apatrickcollison+Tubes&src=typed_query,,,,https://openlibrary.org/search?q=B00E31PYVM,http://amazon.com/dp/B00E31PYVM
Foucault's Pendulum By Umberto Eco,,,B004S7XVKM,,4,,,,highly-recommended,,,,,,,,,,,,,,,https://x.com/search?q=from%3Apatrickcollison+Foucaults+Pendulum+By+Umberto+Eco&src=typed_query,,,,https://openlibrary.org/search?q=B004S7XVKM,http://amazon.com/dp/B004S7XVKM
Applied Cryptography 2nd (second) edition Text Only,,,B004Q5XSHW,,0,,,,read,,,,,,,,,,,,,,,https://x.com/search?q=from%3Apatrickcollison+Applied+Cryptography+2nd+second+edition+Text+Only&src=typed_query,,,,https://openlibrary.org/search?q=B004Q5XSHW,http://amazon.com/dp/B004Q5XSHW
Two Lucky People,,,0226264149,,0,,https://covers.openlibrary.org/b/isbn/0226264149-L.jpg,,read,Memoirs,,,,,,,,,https://covers.openlibrary.org/b/isbn/0226264149-L.jpg,https://covers.openlibrary.org/b/isbn/0226264149-M.jpg,https://covers.openlibrary.org/b/isbn/0226264149-S.jpg,,,https://x.com/search?q=from%3Apatrickcollison+Two+Lucky+People&src=typed_query,,,,https://openlibrary.org/isbn/0226264149,http://amazon.com/dp/0226264149
Neuroscience,,,0781760038,,0,,https://covers.openlibrary.org/b/isbn/0781760038-L.jpg,,read,"Exploring the Brain, 3rd Edition",,,,,,,,,https://covers.openlibrary.org/b/isbn/0781760038-L.jpg,https://covers.openlibrary.org/b/isbn/0781760038-M.jpg,https://covers.openlibrary.org/b/isbn/0781760038-S.jpg,,,https://x.com/search?q=from%3Apatrickcollison+Neuroscience&src=typed_query,,,,https://openlibrary.org/isbn/0781760038,http://amazon.com/dp/0781760038
The Beginning of Infinity,,,0670022756,,5,,https://covers.openlibrary.org/b/isbn/0670022756-L.jpg,,favorites,Explanations That Transform the World,,,,,,,,,https://covers.openlibrary.org/b/isbn/0670022756-L.jpg,https://covers.openlibrary.org/b/isbn/0670022756-M.jpg,https://covers.openlibrary.org/b/isbn/0670022756-S.jpg,,,https://x.com/search?q=from%3Apatrickcollison+The+Beginning+of+Infinity&src=typed_query,,,,https://openlibrary.org/isbn/0670022756,http://amazon.com/dp/0670022756
PARC,,,B000KFV9Y6,,0,,,,read,The Second Decade 1980-1990,,,,,,,,,,,,,,https://x.com/search?q=from%3Apatrickcollison+PARC&src=typed_query,,,,https://openlibrary.org/search?q=B000KFV9Y6,http://amazon.com/dp/B000KFV9Y6
Beautiful Evidence,,,0961392177,,0,,https://covers.openlibrary.org/b/isbn/0961392177-L.jpg,,read,,,,,,,,,,https://covers.openlibrary.org/b/isbn/0961392177-L.jpg,https://covers.openlibrary.org/b/isbn/0961392177-M.jpg,https://covers.openlibrary.org/b/isbn/0961392177-S.jpg,,,https://x.com/search?q=from%3Apatrickcollison+Beautiful+Evidence&src=typed_query,,,,https://openlibrary.org/isbn/0961392177,http://amazon.com/dp/0961392177
Swiss Graphic Design,,,B00YDJVKPI,,0,,,,read,"The Origins and Growth of an International Style, 1920-1965 by Hollis, Richard (2006)",,,,,,,,,,,,,,https://x.com/search?q=from%3Apatrickcollison+Swiss+Graphic+Design&src=typed_query,,,,https://openlibrary.org/search?q=B00YDJVKPI,http://amazon.com/dp/B00YDJVKPI
MCAT Biology (Examkrackers),,,1893858626,,0,,https://covers.openlibrary.org/b/isbn/1893858626-L.jpg,,read,,,,,,,,,,https://covers.openlibrary.org/b/isbn/1893858626-L.jpg,https://covers.openlibrary.org/b/isbn/1893858626-M.jpg,https://covers.openlibrary.org/b/isbn/1893858626-S.jpg,,,https://x.com/search?q=from%3Apatrickcollison+MCAT+Biology+Examkrackers&src=typed_query,,,,https://openlibrary.org/isbn/1893858626,http://amazon.com/dp/1893858626
The Age Of Discontinuity,,,B000O61QJY,,0,,,,read,,,,,,,,,,,,,,,https://x.com/search?q=from%3Apatrickcollison+The+Age+Of+Discontinuity&src=typed_query,,,,https://openlibrary.org/search?q=B000O61QJY,http://amazon.com/dp/B000O61QJY
The Singapore Story,,,9812049835,,0,,https://covers.openlibrary.org/b/isbn/9812049835-L.jpg,,read,"Memoirs of Lee Kuan Yew, Vol. 1",,,,,,,,,https://covers.openlibrary.org/b/isbn/9812049835-L.jpg,https://covers.openlibrary.org/b/isbn/9812049835-M.jpg,https://covers.openlibrary.org/b/isbn/9812049835-S.jpg,,,https://x.com/search?q=from%3Apatrickcollison+The+Singapore+Story&src=typed_query,,,,https://openlibrary.org/isbn/9812049835,http://amazon.com/dp/9812049835
The Art of Possibility,,,B00FKYT35O,,0,,,,read,Transforming Professional and Personal Life (Harvard Business School Press),,,,,,,,,,,,,,https://x.com/search?q=from%3Apatrickcollison+The+Art+of+Possibility&src=typed_query,,,,https://openlibrary.org/search?q=B00FKYT35O,http://amazon.com/dp/B00FKYT35O
The New Turing Omnibus,,,0805071660,,0,,https://covers.openlibrary.org/b/isbn/0805071660-L.jpg,,read,Sixty-Six Excursions in Computer Science,,,,,,,,,https://covers.openlibrary.org/b/isbn/0805071660-L.jpg,https://covers.openlibrary.org/b/isbn/0805071660-M.jpg,https://covers.openlibrary.org/b/isbn/0805071660-S.jpg,,,https://x.com/search?q=from%3Apatrickcollison+The+New+Turing+Omnibus&src=typed_query,,,,https://openlibrary.org/isbn/0805071660,http://amazon.com/dp/0805071660
From Counterculture to Cyberculture,,,0226817415,,0,,https://covers.openlibrary.org/b/isbn/0226817415-L.jpg,,read,"Stewart Brand, the Whole Earth Network, and the Rise of Digital Utopianism",,,,,,,,,https://covers.openlibrary.org/b/isbn/0226817415-L.jpg,https://covers.openlibrary.org/b/isbn/0226817415-M.jpg,https://covers.openlibrary.org/b/isbn/0226817415-S.jpg,,,https://x.com/search?q=from%3Apatrickcollison+From+Counterculture+to+Cyberculture&src=typed_query,,,,https://openlibrary.org/isbn/0226817415,http://amazon.com/dp/0226817415
LISP 1.5 Programmer's Manual,,,0262130114,,0,,https://covers.openlibrary.org/b/isbn/0262130114-L.jpg,,read,,,,,,,,,,https://covers.openlibrary.org/b/isbn/0262130114-L.jpg,https://covers.openlibrary.org/b/isbn/0262130114-M.jpg,https://covers.openlibrary.org/b/isbn/0262130114-S.jpg,,,https://x.com/search?q=from%3Apatrickcollison+LISP+15+Programmers+Manual&src=typed_query,,,,https://openlibrary.org/isbn/0262130114,http://amazon.com/dp/0262130114
The Visual Display of Quantitative Information,,,0961392142,,0,,https://covers.openlibrary.org/b/isbn/0961392142-L.jpg,,read,,,,,,,,,,https://covers.openlibrary.org/b/isbn/0961392142-L.jpg,https://covers.openlibrary.org/b/isbn/0961392142-M.jpg,https://covers.openlibrary.org/b/isbn/0961392142-S.jpg,,,https://x.com/search?q=from%3Apatrickcollison+The+Visual+Display+of+Quantitative+Information&src=typed_query,,,,https://openlibrary.org/isbn/0961392142,http://amazon.com/dp/0961392142
What Should We Be Worried About?,,,006229623X,,0,,,,read,Real Scenarios That Keep Scientists Up at Night (Edge Question Series),,,,,,,,,,,,,,https://x.com/search?q=from%3Apatrickcollison+What+Should+We+Be+Worried+About&src=typed_query,,,,https://openlibrary.org/search?q=006229623X,http://amazon.com/dp/006229623X
Make Better Landings,,,0442213085,,0,,https://covers.openlibrary.org/b/isbn/0442213085-L.jpg,,read,,,,,,,,,,https://covers.openlibrary.org/b/isbn/0442213085-L.jpg,https://covers.openlibrary.org/b/isbn/0442213085-M.jpg,https://covers.openlibrary.org/b/isbn/0442213085-S.jpg,,,https://x.com/search?q=from%3Apatrickcollison+Make+Better+Landings&src=typed_query,,,,https://openlibrary.org/isbn/0442213085,http://amazon.com/dp/0442213085
Photography,,,0321011082,,0,,https://covers.openlibrary.org/b/isbn/0321011082-L.jpg,,read,,,,,,,,,,https://covers.openlibrary.org/b/isbn/0321011082-L.jpg,https://covers.openlibrary.org/b/isbn/0321011082-M.jpg,https://covers.openlibrary.org/b/isbn/0321011082-S.jpg,,,https://x.com/search?q=from%3Apatrickcollison+Photography&src=typed_query,,,,https://openlibrary.org/isbn/0321011082,http://amazon.com/dp/0321011082
The Closed World,,,0262550288,,0,,https://covers.openlibrary.org/b/isbn/0262550288-L.jpg,,read,Computers and the Politics of Discourse in Cold War America (Inside Technology),,,,,,,,,https://covers.openlibrary.org/b/isbn/0262550288-L.jpg,https://covers.openlibrary.org/b/isbn/0262550288-M.jpg,https://covers.openlibrary.org/b/isbn/0262550288-S.jpg,,,https://x.com/search?q=from%3Apatrickcollison+The+Closed+World&src=typed_query,,,,https://openlibrary.org/isbn/0262550288,http://amazon.com/dp/0262550288
Poorly Made in China,,,0470405589,,0,,https://covers.openlibrary.org/b/isbn/0470405589-L.jpg,,read,An Insider's Account of the Tactics Behind China's Production Game,,,,,,,,,https://covers.openlibrary.org/b/isbn/0470405589-L.jpg,https://covers.openlibrary.org/b/isbn/0470405589-M.jpg,https://covers.openlibrary.org/b/isbn/0470405589-S.jpg,,,https://x.com/search?q=from%3Apatrickcollison+Poorly+Made+in+China&src=typed_query,,,,https://openlibrary.org/isbn/0470405589,http://amazon.com/dp/0470405589
A Splendid Exchange,,,0802144160,,0,,https://covers.openlibrary.org/b/isbn/0802144160-L.jpg,,read,How Trade Shaped the World,,,,,,,,,https://covers.openlibrary.org/b/isbn/0802144160-L.jpg,https://covers.openlibrary.org/b/isbn/0802144160-M.jpg,https://covers.openlibrary.org/b/isbn/0802144160-S.jpg,,,https://x.com/search?q=from%3Apatrickcollison+A+Splendid+Exchange&src=typed_query,,,,https://openlibrary.org/isbn/0802144160,http://amazon.com/dp/0802144160
The Chicken from Minsk,,,0465071279,,0,,https://covers.openlibrary.org/b/isbn/0465071279-L.jpg,,read,And 99 Other Infuriatingly Challenging Brain Teasers from the Great Russian Tradition of Math and Science,,,,,,,,,https://covers.openlibrary.org/b/isbn/0465071279-L.jpg,https://covers.openlibrary.org/b/isbn/0465071279-M.jpg,https://covers.openlibrary.org/b/isbn/0465071279-S.jpg,,,https://x.com/search?q=from%3Apatrickcollison+The+Chicken+from+Minsk&src=typed_query,,,,https://openlibrary.org/isbn/0465071279,http://amazon.com/dp/0465071279
"The Art of Computer Programming, Vol. 1",,,0201896834,,0,,https://covers.openlibrary.org/b/isbn/0201896834-L.jpg,,read,"Fundamental Algorithms, 3rd Edition",,,,,,,,,https://covers.openlibrary.org/b/isbn/0201896834-L.jpg,https://covers.openlibrary.org/b/isbn/0201896834-M.jpg,https://covers.openlibrary.org/b/isbn/0201896834-S.jpg,,,https://x.com/search?q=from%3Apatrickcollison+The+Art+of+Computer+Programming+Vol+1&src=typed_query,,,,https://openlibrary.org/isbn/0201896834,http://amazon.com/dp/0201896834
"The Paris Review Interviews, I",,,0312361750,,5,,https://covers.openlibrary.org/b/isbn/0312361750-L.jpg,,favorites,,,,,,,,,,https://covers.openlibrary.org/b/isbn/0312361750-L.jpg,https://covers.openlibrary.org/b/isbn/0312361750-M.jpg,https://covers.openlibrary.org/b/isbn/0312361750-S.jpg,,,https://x.com/search?q=from%3Apatrickcollison+The+Paris+Review+Interviews+I&src=typed_query,,,,https://openlibrary.org/isbn/0312361750,http://amazon.com/dp/0312361750
"The Paris Review Interviews, II",,,0312363141,,0,,https://covers.openlibrary.org/b/isbn/0312363141-L.jpg,,read,,,,,,,,,,https://covers.openlibrary.org/b/isbn/0312363141-L.jpg,https://covers.openlibrary.org/b/isbn/0312363141-M.jpg,https://covers.openlibrary.org/b/isbn/0312363141-S.jpg,,,https://x.com/search?q=from%3Apatrickcollison+The+Paris+Review+Interviews+II&src=typed_query,,,,https://openlibrary.org/isbn/0312363141,http://amazon.com/dp/0312363141
"The Paris Review Interviews, III",,,031236315X,,0,,,,read,,,,,,,,,,,,,,,https://x.com/search?q=from%3Apatrickcollison+The+Paris+Review+Interviews+III&src=typed_query,,,,https://openlibrary.org/search?q=031236315X,http://amazon.com/dp/031236315X
"The Paris Review Interviews, IV",,,0312427441,,0,,https://covers.openlibrary.org/b/isbn/0312427441-L.jpg,,read,,,,,,,,,,https://covers.openlibrary.org/b/isbn/0312427441-L.jpg,https://covers.openlibrary.org/b/isbn/0312427441-M.jpg,https://covers.openlibrary.org/b/isbn/0312427441-S.jpg,,,https://x.com/search?q=from%3Apatrickcollison+The+Paris+Review+Interviews+IV&src=typed_query,,,,https://openlibrary.org/isbn/0312427441,http://amazon.com/dp/0312427441
Mindstorms,,,0465046274,,5,,https://covers.openlibrary.org/b/isbn/0465046274-L.jpg,,favorites,,,,,,,,,,https://covers.openlibrary.org/b/isbn/0465046274-L.jpg,https://covers.openlibrary.org/b/isbn/0465046274-M.jpg,https://covers.openlibrary.org/b/isbn/0465046274-S.jpg,,,https://x.com/search?q=from%3Apatrickcollison+Mindstorms&src=typed_query,,,,https://openlibrary.org/isbn/0465046274,http://amazon.com/dp/0465046274
My Years with General Motors,,,0385042353,,0,,https://covers.openlibrary.org/b/isbn/0385042353-L.jpg,,read,,,,,,,,,,https://covers.openlibrary.org/b/isbn/0385042353-L.jpg,https://covers.openlibrary.org/b/isbn/0385042353-M.jpg,https://covers.openlibrary.org/b/isbn/0385042353-S.jpg,,,https://x.com/search?q=from%3Apatrickcollison+My+Years+with+General+Motors&src=typed_query,,,,https://openlibrary.org/isbn/0385042353,http://amazon.com/dp/0385042353
Statistics As Principled Argument,,,0805805281,,0,,https://covers.openlibrary.org/b/isbn/0805805281-L.jpg,,read,,,,,,,,,,https://covers.openlibrary.org/b/isbn/0805805281-L.jpg,https://covers.openlibrary.org/b/isbn/0805805281-M.jpg,https://covers.openlibrary.org/b/isbn/0805805281-S.jpg,,,https://x.com/search?q=from%3Apatrickcollison+Statistics+As+Principled+Argument&src=typed_query,,,,https://openlibrary.org/isbn/0805805281,http://amazon.com/dp/0805805281
Perfect Health Diet,,,B006I484UU,,0,,,,read,,,,,,,,,,,,,,,https://x.com/search?q=from%3Apatrickcollison+Perfect+Health+Diet&src=typed_query,,,,https://openlibrary.org/search?q=B006I484UU,http://amazon.com/dp/B006I484UU
Abstract Algebra,,,0471433349,,0,,https://covers.openlibrary.org/b/isbn/0471433349-L.jpg,,read,,,,,,,,,,https://covers.openlibrary.org/b/isbn/0471433349-L.jpg,https://covers.openlibrary.org/b/isbn/0471433349-M.jpg,https://covers.openlibrary.org/b/isbn/0471433349-S.jpg,,,https://x.com/search?q=from%3Apatrickcollison+Abstract+Algebra&src=typed_query,,,,https://openlibrary.org/isbn/0471433349,http://amazon.com/dp/0471433349
Wireshark Network Analysis,,,1893939995,,0,,https://covers.openlibrary.org/b/isbn/1893939995-L.jpg,,read,The Official Wireshark Certified Network Analyst Study Guide,,,,,,,,,https://covers.openlibrary.org/b/isbn/1893939995-L.jpg,https://covers.openlibrary.org/b/isbn/1893939995-M.jpg,https://covers.openlibrary.org/b/isbn/1893939995-S.jpg,,,https://x.com/search?q=from%3Apatrickcollison+Wireshark+Network+Analysis&src=typed_query,,,,https://openlibrary.org/isbn/1893939995,http://amazon.com/dp/1893939995
Operating Systems,,,B000GTCRU6,,0,,,,read,Design and Implementation,,,,,,,,,,,,,,https://x.com/search?q=from%3Apatrickcollison+Operating+Systems&src=typed_query,,,,https://openlibrary.org/search?q=B000GTCRU6,http://amazon.com/dp/B000GTCRU6
The Great A&P and the Struggle for Small Business in America,,,0809095432,,0,,https://covers.openlibrary.org/b/isbn/0809095432-L.jpg,,read,,,,,,,,,,https://covers.openlibrary.org/b/isbn/0809095432-L.jpg,https://covers.openlibrary.org/b/isbn/0809095432-M.jpg,https://covers.openlibrary.org/b/isbn/0809095432-S.jpg,,,https://x.com/search?q=from%3Apatrickcollison+The+Great+AP+and+the+Struggle+for+Small+Business+in+America&src=typed_query,,,,https://openlibrary.org/isbn/0809095432,http://amazon.com/dp/0809095432
Pioneer Aviators of the World,,,0786438800,,0,,https://covers.openlibrary.org/b/isbn/0786438800-L.jpg,,read,A Biographical Dictionary of the First Pilots of 100 Countries,,,,,,,,,https://covers.openlibrary.org/b/isbn/0786438800-L.jpg,https://covers.openlibrary.org/b/isbn/0786438800-M.jpg,https://covers.openlibrary.org/b/isbn/0786438800-S.jpg,,,https://x.com/search?q=from%3Apatrickcollison+Pioneer+Aviators+of+the+World&src=typed_query,,,,https://openlibrary.org/isbn/0786438800,http://amazon.com/dp/0786438800
Programmers at Work,,,1556152116,,0,,https://covers.openlibrary.org/b/isbn/1556152116-L.jpg,,read,Interviews With 19 Programmers Who Shaped the Computer Industry (Tempus),,,,,,,,,https://covers.openlibrary.org/b/isbn/1556152116-L.jpg,https://covers.openlibrary.org/b/isbn/1556152116-M.jpg,https://covers.openlibrary.org/b/isbn/1556152116-S.jpg,,,https://x.com/search?q=from%3Apatrickcollison+Programmers+at+Work&src=typed_query,,,,https://openlibrary.org/isbn/1556152116,http://amazon.com/dp/1556152116
Why Does the World Exist?,,,0871403595,,0,,https://covers.openlibrary.org/b/isbn/0871403595-L.jpg,,read,An Existential Detective Story,,,,,,,,,https://covers.openlibrary.org/b/isbn/0871403595-L.jpg,https://covers.openlibrary.org/b/isbn/0871403595-M.jpg,https://covers.openlibrary.org/b/isbn/0871403595-S.jpg,,,https://x.com/search?q=from%3Apatrickcollison+Why+Does+the+World+Exist&src=typed_query,,,,https://openlibrary.org/isbn/0871403595,http://amazon.com/dp/0871403595
Real Analysis,,,0521497566,,0,,https://covers.openlibrary.org/b/isbn/0521497566-L.jpg,,read,,,,,,,,,,https://covers.openlibrary.org/b/isbn/0521497566-L.jpg,https://covers.openlibrary.org/b/isbn/0521497566-M.jpg,https://covers.openlibrary.org/b/isbn/0521497566-S.jpg,,,https://x.com/search?q=from%3Apatrickcollison+Real+Analysis&src=typed_query,,,,https://openlibrary.org/isbn/0521497566,http://amazon.com/dp/0521497566
The Nude,,,0691017883,,0,,https://covers.openlibrary.org/b/isbn/0691017883-L.jpg,,read,A Study in Ideal Form,,,,,,,,,https://covers.openlibrary.org/b/isbn/0691017883-L.jpg,https://covers.openlibrary.org/b/isbn/0691017883-M.jpg,https://covers.openlibrary.org/b/isbn/0691017883-S.jpg,,,https://x.com/search?q=from%3Apatrickcollison+The+Nude&src=typed_query,,,,https://openlibrary.org/isbn/0691017883,http://amazon.com/dp/0691017883
The Subtle Knife,,,B004SI84JY,,0,,,,read,"His Dark Materials, Book 2",,,,,,,,,,,,,,https://x.com/search?q=from%3Apatrickcollison+The+Subtle+Knife&src=typed_query,,,,https://openlibrary.org/search?q=B004SI84JY,http://amazon.com/dp/B004SI84JY
Kenneth Clark's Civilisation,,,B003ESXBVK,,0,,,,read,A Personal View,,,,,,,,,,,,,,https://x.com/search?q=from%3Apatrickcollison+Kenneth+Clarks+Civilisation&src=typed_query,,,,https://openlibrary.org/search?q=B003ESXBVK,http://amazon.com/dp/B003ESXBVK
Fly and the Fly-Bottle,,,B0007ILGNU,,0,,,,read,Encounters with British Intellectuals,,,,,,,,,,,,,,https://x.com/search?q=from%3Apatrickcollison+Fly+and+the+FlyBottle&src=typed_query,,,,https://openlibrary.org/search?q=B0007ILGNU,http://amazon.com/dp/B0007ILGNU
Artful Sentences,,,0961392185,,0,,https://covers.openlibrary.org/b/isbn/0961392185-L.jpg,,read,Syntax as Style,,,,,,,,,https://covers.openlibrary.org/b/isbn/0961392185-L.jpg,https://covers.openlibrary.org/b/isbn/0961392185-M.jpg,https://covers.openlibrary.org/b/isbn/0961392185-S.jpg,,,https://x.com/search?q=from%3Apatrickcollison+Artful+Sentences&src=typed_query,,,,https://openlibrary.org/isbn/0961392185,http://amazon.com/dp/0961392185
Murder Trials,,,0880290757,,0,,https://covers.openlibrary.org/b/isbn/0880290757-L.jpg,,read,,,,,,,,,,https://covers.openlibrary.org/b/isbn/0880290757-L.jpg,https://covers.openlibrary.org/b/isbn/0880290757-M.jpg,https://covers.openlibrary.org/b/isbn/0880290757-S.jpg,,,https://x.com/search?q=from%3Apatrickcollison+Murder+Trials&src=typed_query,,,,https://openlibrary.org/isbn/0880290757,http://amazon.com/dp/0880290757
Cicero,,,037575895X,,0,,,,read,The Life and Times of Rome's Greatest Politician,,,,,,,,,,,,,,https://x.com/search?q=from%3Apatrickcollison+Cicero&src=typed_query,,,,https://openlibrary.org/search?q=037575895X,http://amazon.com/dp/037575895X
The Language Instinct,,,0688121411,,0,,https://covers.openlibrary.org/b/isbn/0688121411-L.jpg,,read,How the Mind Creates the Gift of Language,,,,,,,,,https://covers.openlibrary.org/b/isbn/0688121411-L.jpg,https://covers.openlibrary.org/b/isbn/0688121411-M.jpg,https://covers.openlibrary.org/b/isbn/0688121411-S.jpg,,,https://x.com/search?q=from%3Apatrickcollison+The+Language+Instinct&src=typed_query,,,,https://openlibrary.org/isbn/0688121411,http://amazon.com/dp/0688121411
Pigeon,,,0140105832,,0,,https://covers.openlibrary.org/b/isbn/0140105832-L.jpg,,read,,,,,,,,,,https://covers.openlibrary.org/b/isbn/0140105832-L.jpg,https://covers.openlibrary.org/b/isbn/0140105832-M.jpg,https://covers.openlibrary.org/b/isbn/0140105832-S.jpg,,,https://x.com/search?q=from%3Apatrickcollison+Pigeon&src=typed_query,,,,https://openlibrary.org/isbn/0140105832,http://amazon.com/dp/0140105832
Blown to Bits,,,0137135599,,0,,https://covers.openlibrary.org/b/isbn/0137135599-L.jpg,,read,"Your Life, Liberty, and Happiness After the Digital Explosion",,,,,,,,,https://covers.openlibrary.org/b/isbn/0137135599-L.jpg,https://covers.openlibrary.org/b/isbn/0137135599-M.jpg,https://covers.openlibrary.org/b/isbn/0137135599-S.jpg,,,https://x.com/search?q=from%3Apatrickcollison+Blown+to+Bits&src=typed_query,,,,https://openlibrary.org/isbn/0137135599,http://amazon.com/dp/0137135599
The Black Swan,,,081297381X,,0,,,,read,"Second Edition: The Impact of the Highly Improbable: With a new section: ""On Robustness and Fragility"" (Incerto)",,,,,,,,,,,,,,https://x.com/search?q=from%3Apatrickcollison+The+Black+Swan&src=typed_query,,,,https://openlibrary.org/search?q=081297381X,http://amazon.com/dp/081297381X
The Monkey Wrench Gang,,,0061129763,,0,,https://covers.openlibrary.org/b/isbn/0061129763-L.jpg,,read,,,,,,,,,,https://covers.openlibrary.org/b/isbn/0061129763-L.jpg,https://covers.openlibrary.org/b/isbn/0061129763-M.jpg,https://covers.openlibrary.org/b/isbn/0061129763-S.jpg,,,https://x.com/search?q=from%3Apatrickcollison+The+Monkey+Wrench+Gang&src=typed_query,,,,https://openlibrary.org/isbn/0061129763,http://amazon.com/dp/0061129763
The Adventures of Hajji Baba of Ispahan,,,1508844976,,4,,https://covers.openlibrary.org/b/isbn/1508844976-L.jpg,,highly-recommended,,,,,,,,,,https://covers.openlibrary.org/b/isbn/1508844976-L.jpg,https://covers.openlibrary.org/b/isbn/1508844976-M.jpg,https://covers.openlibrary.org/b/isbn/1508844976-S.jpg,,,https://x.com/search?q=from%3Apatrickcollison+The+Adventures+of+Hajji+Baba+of+Ispahan&src=typed_query,,,,https://openlibrary.org/isbn/1508844976,http://amazon.com/dp/1508844976
The Ancestor's Tale,,,0753819961,,0,,https://covers.openlibrary.org/b/isbn/0753819961-L.jpg,,read,A Pilgrimage to the Dawn of Life,,,,,,,,,https://covers.openlibrary.org/b/isbn/0753819961-L.jpg,https://covers.openlibrary.org/b/isbn/0753819961-M.jpg,https://covers.openlibrary.org/b/isbn/0753819961-S.jpg,,,https://x.com/search?q=from%3Apatrickcollison+The+Ancestors+Tale&src=typed_query,,,,https://openlibrary.org/isbn/0753819961,http://amazon.com/dp/0753819961
Ragtime,,,B001Z3B8UW,,0,,,,read,,,,,,,,,,,,,,,https://x.com/search?q=from%3Apatrickcollison+Ragtime&src=typed_query,,,,https://openlibrary.org/search?q=B001Z3B8UW,http://amazon.com/dp/B001Z3B8UW
Accelerando (Singularity),,,0441014151,,0,,https://covers.openlibrary.org/b/isbn/0441014151-L.jpg,,read,,,,,,,,,,https://covers.openlibrary.org/b/isbn/0441014151-L.jpg,https://covers.openlibrary.org/b/isbn/0441014151-M.jpg,https://covers.openlibrary.org/b/isbn/0441014151-S.jpg,,,https://x.com/search?q=from%3Apatrickcollison+Accelerando+Singularity&src=typed_query,,,,https://openlibrary.org/isbn/0441014151,http://amazon.com/dp/0441014151
Trout Fishing in America,,,0547255276,,0,,https://covers.openlibrary.org/b/isbn/0547255276-L.jpg,,read,,,,,,,,,,https://covers.openlibrary.org/b/isbn/0547255276-L.jpg,https://covers.openlibrary.org/b/isbn/0547255276-M.jpg,https://covers.openlibrary.org/b/isbn/0547255276-S.jpg,,,https://x.com/search?q=from%3Apatrickcollison+Trout+Fishing+in+America&src=typed_query,,,,https://openlibrary.org/isbn/0547255276,http://amazon.com/dp/0547255276
A Minor Momentousness in the History of Love (in) One Story,,,B004RZW71O,,0,,,,read,"Volume 8, Number 14",,,,,,,,,,,,,,https://x.com/search?q=from%3Apatrickcollison+A+Minor+Momentousness+in+the+History+of+Love+in+One+Story&src=typed_query,,,,https://openlibrary.org/search?q=B004RZW71O,http://amazon.com/dp/B004RZW71O
Out of Mao's Shadow,,,B00HUC71A8,,5,,,,favorites,The Struggle for the Soul of a New China,,,,,,,,,,,,,,https://x.com/search?q=from%3Apatrickcollison+Out+of+Maos+Shadow&src=typed_query,,,,https://openlibrary.org/search?q=B00HUC71A8,http://amazon.com/dp/B00HUC71A8
The Golden Compass,,,0440238137,,0,,https://covers.openlibrary.org/b/isbn/0440238137-L.jpg,,read,His Dark Materials,,,,,,,,,https://covers.openlibrary.org/b/isbn/0440238137-L.jpg,https://covers.openlibrary.org/b/isbn/0440238137-M.jpg,https://covers.openlibrary.org/b/isbn/0440238137-S.jpg,,,https://x.com/search?q=from%3Apatrickcollison+The+Golden+Compass&src=typed_query,,,,https://openlibrary.org/isbn/0440238137,http://amazon.com/dp/0440238137
The Dutch Republic,,,0198207344,,0,,https://covers.openlibrary.org/b/isbn/0198207344-L.jpg,,read,"Its Rise, Greatness, and Fall 1477-1806 (Oxford History of Early Modern Europe)",,,,,,,,,https://covers.openlibrary.org/b/isbn/0198207344-L.jpg,https://covers.openlibrary.org/b/isbn/0198207344-M.jpg,https://covers.openlibrary.org/b/isbn/0198207344-S.jpg,,,https://x.com/search?q=from%3Apatrickcollison+The+Dutch+Republic&src=typed_query,,,,https://openlibrary.org/isbn/0198207344,http://amazon.com/dp/0198207344
On the Shortness of Life,,,0143036327,,4,,https://covers.openlibrary.org/b/isbn/0143036327-L.jpg,,highly-recommended,,,,,,,,,,https://covers.openlibrary.org/b/isbn/0143036327-L.jpg,https://covers.openlibrary.org/b/isbn/0143036327-M.jpg,https://covers.openlibrary.org/b/isbn/0143036327-S.jpg,,,https://x.com/search?q=from%3Apatrickcollison+On+the+Shortness+of+Life&src=typed_query,,,,https://openlibrary.org/isbn/0143036327,http://amazon.com/dp/0143036327
"The Elements of Style, Fourth Edition",,,020530902X,,0,,,,read,,,,,,,,,,,,,,,https://x.com/search?q=from%3Apatrickcollison+The+Elements+of+Style+Fourth+Edition&src=typed_query,,,,https://openlibrary.org/search?q=020530902X,http://amazon.com/dp/020530902X
BSD Hacks,,,0596006799,,0,,https://covers.openlibrary.org/b/isbn/0596006799-L.jpg,,read,,,,,,,,,,https://covers.openlibrary.org/b/isbn/0596006799-L.jpg,https://covers.openlibrary.org/b/isbn/0596006799-M.jpg,https://covers.openlibrary.org/b/isbn/0596006799-S.jpg,,,https://x.com/search?q=from%3Apatrickcollison+BSD+Hacks&src=typed_query,,,,https://openlibrary.org/isbn/0596006799,http://amazon.com/dp/0596006799
Plato at the Googleplex,,,0307378195,,4,,https://covers.openlibrary.org/b/isbn/0307378195-L.jpg,,highly-recommended,Why Philosophy Won't Go Away,,,,,,,,,https://covers.openlibrary.org/b/isbn/0307378195-L.jpg,https://covers.openlibrary.org/b/isbn/0307378195-M.jpg,https://covers.openlibrary.org/b/isbn/0307378195-S.jpg,,,https://x.com/search?q=from%3Apatrickcollison+Plato+at+the+Googleplex&src=typed_query,,,,https://openlibrary.org/isbn/0307378195,http://amazon.com/dp/0307378195
A Vast Machine,,,0262518635,,4,,https://covers.openlibrary.org/b/isbn/0262518635-L.jpg,,highly-recommended,"Computer Models, Climate Data, and the Politics of Global Warming (Infrastructures)",,,,,,,,,https://covers.openlibrary.org/b/isbn/0262518635-L.jpg,https://covers.openlibrary.org/b/isbn/0262518635-M.jpg,https://covers.openlibrary.org/b/isbn/0262518635-S.jpg,,,https://x.com/search?q=from%3Apatrickcollison+A+Vast+Machine&src=typed_query,,,,https://openlibrary.org/isbn/0262518635,http://amazon.com/dp/0262518635
The Futurists,,,0394317130,,0,,https://covers.openlibrary.org/b/isbn/0394317130-L.jpg,,read,,,,,,,,,,https://covers.openlibrary.org/b/isbn/0394317130-L.jpg,https://covers.openlibrary.org/b/isbn/0394317130-M.jpg,https://covers.openlibrary.org/b/isbn/0394317130-S.jpg,,,https://x.com/search?q=from%3Apatrickcollison+The+Futurists&src=typed_query,,,,https://openlibrary.org/isbn/0394317130,http://amazon.com/dp/0394317130
Special Relativity,,,0748764224,,0,,https://covers.openlibrary.org/b/isbn/0748764224-L.jpg,,read,,,,,,,,,,https://covers.openlibrary.org/b/isbn/0748764224-L.jpg,https://covers.openlibrary.org/b/isbn/0748764224-M.jpg,https://covers.openlibrary.org/b/isbn/0748764224-S.jpg,,,https://x.com/search?q=from%3Apatrickcollison+Special+Relativity&src=typed_query,,,,https://openlibrary.org/isbn/0748764224,http://amazon.com/dp/0748764224
Weather of the San Francisco Bay Region,,,0520229908,,4,,https://covers.openlibrary.org/b/isbn/0520229908-L.jpg,,highly-recommended,,,,,,,,,,https://covers.openlibrary.org/b/isbn/0520229908-L.jpg,https://covers.openlibrary.org/b/isbn/0520229908-M.jpg,https://covers.openlibrary.org/b/isbn/0520229908-S.jpg,,,https://x.com/search?q=from%3Apatrickcollison+Weather+of+the+San+Francisco+Bay+Region&src=typed_query,,,,https://openlibrary.org/isbn/0520229908,http://amazon.com/dp/0520229908
Straw Dogs,,,1862075123,,0,,https://covers.openlibrary.org/b/isbn/1862075123-L.jpg,,read,Thoughts on Humans and Other Animals,,,,,,,,,https://covers.openlibrary.org/b/isbn/1862075123-L.jpg,https://covers.openlibrary.org/b/isbn/1862075123-M.jpg,https://covers.openlibrary.org/b/isbn/1862075123-S.jpg,,,https://x.com/search?q=from%3Apatrickcollison+Straw+Dogs&src=typed_query,,,,https://openlibrary.org/isbn/1862075123,http://amazon.com/dp/1862075123
Hard Drive,,,0887306292,,0,,https://covers.openlibrary.org/b/isbn/0887306292-L.jpg,,read,Bill Gates and the Making of the Microsoft Empire,,,,,,,,,https://covers.openlibrary.org/b/isbn/0887306292-L.jpg,https://covers.openlibrary.org/b/isbn/0887306292-M.jpg,https://covers.openlibrary.org/b/isbn/0887306292-S.jpg,,,https://x.com/search?q=from%3Apatrickcollison+Hard+Drive&src=typed_query,,,,https://openlibrary.org/isbn/0887306292,http://amazon.com/dp/0887306292
My Best Mathematical and Logic Puzzles (Dover Recreational Math),,,0486281523,,0,,https://covers.openlibrary.org/b/isbn/0486281523-L.jpg,,read,,,,,,,,,,https://covers.openlibrary.org/b/isbn/0486281523-L.jpg,https://covers.openlibrary.org/b/isbn/0486281523-M.jpg,https://covers.openlibrary.org/b/isbn/0486281523-S.jpg,,,https://x.com/search?q=from%3Apatrickcollison+My+Best+Mathematical+and+Logic+Puzzles+Dover+Recreational+Ma&src=typed_query,,,,https://openlibrary.org/isbn/0486281523,http://amazon.com/dp/0486281523
On Inequality,,,0691167141,,0,,https://covers.openlibrary.org/b/isbn/0691167141-L.jpg,,read,,,,,,,,,,https://covers.openlibrary.org/b/isbn/0691167141-L.jpg,https://covers.openlibrary.org/b/isbn/0691167141-M.jpg,https://covers.openlibrary.org/b/isbn/0691167141-S.jpg,,,https://x.com/search?q=from%3Apatrickcollison+On+Inequality&src=typed_query,,,,https://openlibrary.org/isbn/0691167141,http://amazon.com/dp/0691167141
Democracy in America,,,,,5,,,,favorites,Abridged Edition (Mentor Series),,,,,,,,,,,,,,https://x.com/search?q=from%3Apatrickcollison+Democracy+in+America&src=typed_query,,,,,
Programs and Manifestoes on 20th-Century Architecture,,,0262530309,,0,,https://covers.openlibrary.org/b/isbn/0262530309-L.jpg,,read,,,,,,,,,,https://covers.openlibrary.org/b/isbn/0262530309-L.jpg,https://covers.openlibrary.org/b/isbn/0262530309-M.jpg,https://covers.openlibrary.org/b/isbn/0262530309-S.jpg,,,https://x.com/search?q=from%3Apatrickcollison+Programs+and+Manifestoes+on+20thCentury+Architecture&src=typed_query,,,,https://openlibrary.org/isbn/0262530309,http://amazon.com/dp/0262530309
Blade Runner,,,0345350472,,0,,https://covers.openlibrary.org/b/isbn/0345350472-L.jpg,,read,,,,,,,,,,https://covers.openlibrary.org/b/isbn/0345350472-L.jpg,https://covers.openlibrary.org/b/isbn/0345350472-M.jpg,https://covers.openlibrary.org/b/isbn/0345350472-S.jpg,,,https://x.com/search?q=from%3Apatrickcollison+Blade+Runner&src=typed_query,,,,https://openlibrary.org/isbn/0345350472,http://amazon.com/dp/0345350472
How to Abandon Ship,,,0870333887,,0,,https://covers.openlibrary.org/b/isbn/0870333887-L.jpg,,read,,,,,,,,,,https://covers.openlibrary.org/b/isbn/0870333887-L.jpg,https://covers.openlibrary.org/b/isbn/0870333887-M.jpg,https://covers.openlibrary.org/b/isbn/0870333887-S.jpg,,,https://x.com/search?q=from%3Apatrickcollison+How+to+Abandon+Ship&src=typed_query,,,,https://openlibrary.org/isbn/0870333887,http://amazon.com/dp/0870333887
Bunreacht na hEireann (English and Irish Edition) Constitution of Ireland,,,0707662427,,0,,https://covers.openlibrary.org/b/isbn/0707662427-L.jpg,,read,,,,,,,,,,https://covers.openlibrary.org/b/isbn/0707662427-L.jpg,https://covers.openlibrary.org/b/isbn/0707662427-M.jpg,https://covers.openlibrary.org/b/isbn/0707662427-S.jpg,,,https://x.com/search?q=from%3Apatrickcollison+Bunreacht+na+hEireann+English+and+Irish+Edition+Constitution&src=typed_query,,,,https://openlibrary.org/isbn/0707662427,http://amazon.com/dp/0707662427
Science,,,0140297413,,4,,https://covers.openlibrary.org/b/isbn/0140297413-L.jpg,,highly-recommended,A History,,,,,,,,,https://covers.openlibrary.org/b/isbn/0140297413-L.jpg,https://covers.openlibrary.org/b/isbn/0140297413-M.jpg,https://covers.openlibrary.org/b/isbn/0140297413-S.jpg,,,https://x.com/search?q=from%3Apatrickcollison+Science&src=typed_query,,,,https://openlibrary.org/isbn/0140297413,http://amazon.com/dp/0140297413
The Portable Medieval Reader,,,0670465437,,0,,https://covers.openlibrary.org/b/isbn/0670465437-L.jpg,,read,,,,,,,,,,https://covers.openlibrary.org/b/isbn/0670465437-L.jpg,https://covers.openlibrary.org/b/isbn/0670465437-M.jpg,https://covers.openlibrary.org/b/isbn/0670465437-S.jpg,,,https://x.com/search?q=from%3Apatrickcollison+The+Portable+Medieval+Reader&src=typed_query,,,,https://openlibrary.org/isbn/0670465437,http://amazon.com/dp/0670465437
The Humane Interface,,,0201379376,,0,,https://covers.openlibrary.org/b/isbn/0201379376-L.jpg,,read,New Directions for Designing Interactive Systems,,,,,,,,,https://covers.openlibrary.org/b/isbn/0201379376-L.jpg,https://covers.openlibrary.org/b/isbn/0201379376-M.jpg,https://covers.openlibrary.org/b/isbn/0201379376-S.jpg,,,https://x.com/search?q=from%3Apatrickcollison+The+Humane+Interface&src=typed_query,,,,https://openlibrary.org/isbn/0201379376,http://amazon.com/dp/0201379376
Bill Bolton,,,B000NYN0GY,,0,,,,read,Flying Midshipman,,,,,,,,,,,,,,https://x.com/search?q=from%3Apatrickcollison+Bill+Bolton&src=typed_query,,,,https://openlibrary.org/search?q=B000NYN0GY,http://amazon.com/dp/B000NYN0GY
Ocean Flying,,,0070544050,,4,,https://covers.openlibrary.org/b/isbn/0070544050-L.jpg,,highly-recommended,A Pilot's Guide,,,,,,,,,https://covers.openlibrary.org/b/isbn/0070544050-L.jpg,https://covers.openlibrary.org/b/isbn/0070544050-M.jpg,https://covers.openlibrary.org/b/isbn/0070544050-S.jpg,,,https://x.com/search?q=from%3Apatrickcollison+Ocean+Flying&src=typed_query,,,,https://openlibrary.org/isbn/0070544050,http://amazon.com/dp/0070544050
The Blind Watchmaker,,,0140144811,,0,,https://covers.openlibrary.org/b/isbn/0140144811-L.jpg,,read,,,,,,,,,,https://covers.openlibrary.org/b/isbn/0140144811-L.jpg,https://covers.openlibrary.org/b/isbn/0140144811-M.jpg,https://covers.openlibrary.org/b/isbn/0140144811-S.jpg,,,https://x.com/search?q=from%3Apatrickcollison+The+Blind+Watchmaker&src=typed_query,,,,https://openlibrary.org/isbn/0140144811,http://amazon.com/dp/0140144811
Memorial,,,0571274161,,0,,https://covers.openlibrary.org/b/isbn/0571274161-L.jpg,,read,An Excavation of the Iliad,,,,,,,,,https://covers.openlibrary.org/b/isbn/0571274161-L.jpg,https://covers.openlibrary.org/b/isbn/0571274161-M.jpg,https://covers.openlibrary.org/b/isbn/0571274161-S.jpg,,,https://x.com/search?q=from%3Apatrickcollison+Memorial&src=typed_query,,,,https://openlibrary.org/isbn/0571274161,http://amazon.com/dp/0571274161
Medieval Technology and Social Change,,,B008XZXJYI,,4,,,,highly-recommended,,,,,,,,,,,,,,,https://x.com/search?q=from%3Apatrickcollison+Medieval+Technology+and+Social+Change&src=typed_query,,,,https://openlibrary.org/search?q=B008XZXJYI,http://amazon.com/dp/B008XZXJYI
We Wish to Inform You that Tomorrow We Will Be Killed with Our Families,,,0374286973,,0,,https://covers.openlibrary.org/b/isbn/0374286973-L.jpg,,read,Stories From Rwanda,,,,,,,,,https://covers.openlibrary.org/b/isbn/0374286973-L.jpg,https://covers.openlibrary.org/b/isbn/0374286973-M.jpg,https://covers.openlibrary.org/b/isbn/0374286973-S.jpg,,,https://x.com/search?q=from%3Apatrickcollison+We+Wish+to+Inform+You+that+Tomorrow+We+Will+Be+Killed+with+O&src=typed_query,,,,https://openlibrary.org/isbn/0374286973,http://amazon.com/dp/0374286973
China Airborne - 12 edition,,,,,4,,,,highly-recommended,,,,,,,,,,,,,,,https://x.com/search?q=from%3Apatrickcollison+China+Airborne++12+edition&src=typed_query,,,,,
The Alexiad,,,0140455272,,0,,https://covers.openlibrary.org/b/isbn/0140455272-L.jpg,,read,,,,,,,,,,https://covers.openlibrary.org/b/isbn/0140455272-L.jpg,https://covers.openlibrary.org/b/isbn/0140455272-M.jpg,https://covers.openlibrary.org/b/isbn/0140455272-S.jpg,,,https://x.com/search?q=from%3Apatrickcollison+The+Alexiad&src=typed_query,,,,https://openlibrary.org/isbn/0140455272,http://amazon.com/dp/0140455272
Winged World. the Coming of the Air Age,,,B000H3XEMQ,,0,,,,read,,,,,,,,,,,,,,,https://x.com/search?q=from%3Apatrickcollison+Winged+World+the+Coming+of+the+Air+Age&src=typed_query,,,,https://openlibrary.org/search?q=B000H3XEMQ,http://amazon.com/dp/B000H3XEMQ
The Man Behind the Microchip,,,019531199X,,4,,,,highly-recommended,Robert Noyce and the Invention of Silicon Valley,,,,,,,,,,,,,,https://x.com/search?q=from%3Apatrickcollison+The+Man+Behind+the+Microchip&src=typed_query,,,,https://openlibrary.org/search?q=019531199X,http://amazon.com/dp/019531199X
A Photographer's Life,,,0375505091,,0,,https://covers.openlibrary.org/b/isbn/0375505091-L.jpg,,read,1990-2005,,,,,,,,,https://covers.openlibrary.org/b/isbn/0375505091-L.jpg,https://covers.openlibrary.org/b/isbn/0375505091-M.jpg,https://covers.openlibrary.org/b/isbn/0375505091-S.jpg,,,https://x.com/search?q=from%3Apatrickcollison+A+Photographers+Life&src=typed_query,,,,https://openlibrary.org/isbn/0375505091,http://amazon.com/dp/0375505091
"The Times Comprehensive Atlas of the World, 13th Edition",,,0007419139,,0,,https://covers.openlibrary.org/b/isbn/0007419139-L.jpg,,read,,,,,,,,,,https://covers.openlibrary.org/b/isbn/0007419139-L.jpg,https://covers.openlibrary.org/b/isbn/0007419139-M.jpg,https://covers.openlibrary.org/b/isbn/0007419139-S.jpg,,,https://x.com/search?q=from%3Apatrickcollison+The+Times+Comprehensive+Atlas+of+the+World+13th+Edition&src=typed_query,,,,https://openlibrary.org/isbn/0007419139,http://amazon.com/dp/0007419139
New York Diaries,,,067964332X,,0,,,,read,1609 to 2009,,,,,,,,,,,,,,https://x.com/search?q=from%3Apatrickcollison+New+York+Diaries&src=typed_query,,,,https://openlibrary.org/search?q=067964332X,http://amazon.com/dp/067964332X
Extremely Loud and Incredibly Close,,,0618711651,,0,,https://covers.openlibrary.org/b/isbn/0618711651-L.jpg,,read,,,,,,,,,,https://covers.openlibrary.org/b/isbn/0618711651-L.jpg,https://covers.openlibrary.org/b/isbn/0618711651-M.jpg,https://covers.openlibrary.org/b/isbn/0618711651-S.jpg,,,https://x.com/search?q=from%3Apatrickcollison+Extremely+Loud+and+Incredibly+Close&src=typed_query,,,,https://openlibrary.org/isbn/0618711651,http://amazon.com/dp/0618711651
Instrument Flying,,,0070633452,,0,,https://covers.openlibrary.org/b/isbn/0070633452-L.jpg,,read,,,,,,,,,,https://covers.openlibrary.org/b/isbn/0070633452-L.jpg,https://covers.openlibrary.org/b/isbn/0070633452-M.jpg,https://covers.openlibrary.org/b/isbn/0070633452-S.jpg,,,https://x.com/search?q=from%3Apatrickcollison+Instrument+Flying&src=typed_query,,,,https://openlibrary.org/isbn/0070633452,http://amazon.com/dp/0070633452
The Gutenberg Galaxy,,,144261269X,,0,,,,read,,,,,,,,,,,,,,,https://x.com/search?q=from%3Apatrickcollison+The+Gutenberg+Galaxy&src=typed_query,,,,https://openlibrary.org/search?q=144261269X,http://amazon.com/dp/144261269X
"Say Again, Please",,,1560277602,,0,,https://covers.openlibrary.org/b/isbn/1560277602-L.jpg,,read,Guide to Radio Communications,,,,,,,,,https://covers.openlibrary.org/b/isbn/1560277602-L.jpg,https://covers.openlibrary.org/b/isbn/1560277602-M.jpg,https://covers.openlibrary.org/b/isbn/1560277602-S.jpg,,,https://x.com/search?q=from%3Apatrickcollison+Say+Again+Please&src=typed_query,,,,https://openlibrary.org/isbn/1560277602,http://amazon.com/dp/1560277602
Fate Is the Hunter,,,0671636030,,0,,https://covers.openlibrary.org/b/isbn/0671636030-L.jpg,,read,A Pilot's Memoir,,,,,,,,,https://covers.openlibrary.org/b/isbn/0671636030-L.jpg,https://covers.openlibrary.org/b/isbn/0671636030-M.jpg,https://covers.openlibrary.org/b/isbn/0671636030-S.jpg,,,https://x.com/search?q=from%3Apatrickcollison+Fate+Is+the+Hunter&src=typed_query,,,,https://openlibrary.org/isbn/0671636030,http://amazon.com/dp/0671636030
Beyond The Checkride,,,0070224684,,0,,https://covers.openlibrary.org/b/isbn/0070224684-L.jpg,,read,What Your Flight Instructor Never Taught You,,,,,,,,,https://covers.openlibrary.org/b/isbn/0070224684-L.jpg,https://covers.openlibrary.org/b/isbn/0070224684-M.jpg,https://covers.openlibrary.org/b/isbn/0070224684-S.jpg,,,https://x.com/search?q=from%3Apatrickcollison+Beyond+The+Checkride&src=typed_query,,,,https://openlibrary.org/isbn/0070224684,http://amazon.com/dp/0070224684
The Killing Zone,,,007136269X,,0,,,,read,How & Why Pilots Die 1st Edition,,,,,,,,,,,,,,https://x.com/search?q=from%3Apatrickcollison+The+Killing+Zone&src=typed_query,,,,https://openlibrary.org/search?q=007136269X,http://amazon.com/dp/007136269X
Creative Capital,,,1422101223,,0,,https://covers.openlibrary.org/b/isbn/1422101223-L.jpg,,read,Georges Doriot and the Birth of Venture Capital,,,,,,,,,https://covers.openlibrary.org/b/isbn/1422101223-L.jpg,https://covers.openlibrary.org/b/isbn/1422101223-M.jpg,https://covers.openlibrary.org/b/isbn/1422101223-S.jpg,,,https://x.com/search?q=from%3Apatrickcollison+Creative+Capital&src=typed_query,,,,https://openlibrary.org/isbn/1422101223,http://amazon.com/dp/1422101223
Return to the Little Kingdom,,,1590202813,,0,,https://covers.openlibrary.org/b/isbn/1590202813-L.jpg,,read,How Apple and Steve Jobs Changed the World,,,,,,,,,https://covers.openlibrary.org/b/isbn/1590202813-L.jpg,https://covers.openlibrary.org/b/isbn/1590202813-M.jpg,https://covers.openlibrary.org/b/isbn/1590202813-S.jpg,,,https://x.com/search?q=from%3Apatrickcollison+Return+to+the+Little+Kingdom&src=typed_query,,,,https://openlibrary.org/isbn/1590202813,http://amazon.com/dp/1590202813
Antifragile,,,1400067820,,0,,https://covers.openlibrary.org/b/isbn/1400067820-L.jpg,,read,Things That Gain from Disorder (Incerto),,,,,,,,,https://covers.openlibrary.org/b/isbn/1400067820-L.jpg,https://covers.openlibrary.org/b/isbn/1400067820-M.jpg,https://covers.openlibrary.org/b/isbn/1400067820-S.jpg,,,https://x.com/search?q=from%3Apatrickcollison+Antifragile&src=typed_query,,,,https://openlibrary.org/isbn/1400067820,http://amazon.com/dp/1400067820
The Old Way,,,0374225524,,4,,https://covers.openlibrary.org/b/isbn/0374225524-L.jpg,,highly-recommended,A Story of the First People,,,,,,,,,https://covers.openlibrary.org/b/isbn/0374225524-L.jpg,https://covers.openlibrary.org/b/isbn/0374225524-M.jpg,https://covers.openlibrary.org/b/isbn/0374225524-S.jpg,,,https://x.com/search?q=from%3Apatrickcollison+The+Old+Way&src=typed_query,,,,https://openlibrary.org/isbn/0374225524,http://amazon.com/dp/0374225524
The German Generals Talk,,,0688060129,,0,,https://covers.openlibrary.org/b/isbn/0688060129-L.jpg,,read,,,,,,,,,,https://covers.openlibrary.org/b/isbn/0688060129-L.jpg,https://covers.openlibrary.org/b/isbn/0688060129-M.jpg,https://covers.openlibrary.org/b/isbn/0688060129-S.jpg,,,https://x.com/search?q=from%3Apatrickcollison+The+German+Generals+Talk&src=typed_query,,,,https://openlibrary.org/isbn/0688060129,http://amazon.com/dp/0688060129
Ghosts by Daylight,,,140882051X,,0,,,,read,"Love, War, and Redemption",,,,,,,,,,,,,,https://x.com/search?q=from%3Apatrickcollison+Ghosts+by+Daylight&src=typed_query,,,,https://openlibrary.org/search?q=140882051X,http://amazon.com/dp/140882051X
The Best Software Writing I,,,1590595009,,0,,https://covers.openlibrary.org/b/isbn/1590595009-L.jpg,,read,Selected and Introduced by Joel Spolsky 1st ed.,,,,,,,,,https://covers.openlibrary.org/b/isbn/1590595009-L.jpg,https://covers.openlibrary.org/b/isbn/1590595009-M.jpg,https://covers.openlibrary.org/b/isbn/1590595009-S.jpg,,,https://x.com/search?q=from%3Apatrickcollison+The+Best+Software+Writing+I&src=typed_query,,,,https://openlibrary.org/isbn/1590595009,http://amazon.com/dp/1590595009
In the Footsteps of Mr. Kurtz,,,0060188804,,4,,https://covers.openlibrary.org/b/isbn/0060188804-L.jpg,,highly-recommended,Living on the Brink of Disaster in Mobutu's Congo,,,,,,,,,https://covers.openlibrary.org/b/isbn/0060188804-L.jpg,https://covers.openlibrary.org/b/isbn/0060188804-M.jpg,https://covers.openlibrary.org/b/isbn/0060188804-S.jpg,,,https://x.com/search?q=from%3Apatrickcollison+In+the+Footsteps+of+Mr+Kurtz&src=typed_query,,,,https://openlibrary.org/isbn/0060188804,http://amazon.com/dp/0060188804
Types and Programming Languages 1st Edition,,,0262162091,,0,,https://covers.openlibrary.org/b/isbn/0262162091-L.jpg,,read,,,,,,,,,,https://covers.openlibrary.org/b/isbn/0262162091-L.jpg,https://covers.openlibrary.org/b/isbn/0262162091-M.jpg,https://covers.openlibrary.org/b/isbn/0262162091-S.jpg,,,https://x.com/search?q=from%3Apatrickcollison+Types+and+Programming+Languages+1st+Edition&src=typed_query,,,,https://openlibrary.org/isbn/0262162091,http://amazon.com/dp/0262162091
"The Feynman Lectures on Physics, Vol. 1",,,0805390464,,0,,https://covers.openlibrary.org/b/isbn/0805390464-L.jpg,,read,"Mainly Mechanics, Radiation, and Heat",,,,,,,,,https://covers.openlibrary.org/b/isbn/0805390464-L.jpg,https://covers.openlibrary.org/b/isbn/0805390464-M.jpg,https://covers.openlibrary.org/b/isbn/0805390464-S.jpg,,,https://x.com/search?q=from%3Apatrickcollison+The+Feynman+Lectures+on+Physics+Vol+1&src=typed_query,,,,https://openlibrary.org/isbn/0805390464,http://amazon.com/dp/0805390464
"The Feynman Lectures on Physics, Vol. 2.",,,0805390472,,0,,https://covers.openlibrary.org/b/isbn/0805390472-L.jpg,,read,,,,,,,,,,https://covers.openlibrary.org/b/isbn/0805390472-L.jpg,https://covers.openlibrary.org/b/isbn/0805390472-M.jpg,https://covers.openlibrary.org/b/isbn/0805390472-S.jpg,,,https://x.com/search?q=from%3Apatrickcollison+The+Feynman+Lectures+on+Physics+Vol+2&src=typed_query,,,,https://openlibrary.org/isbn/0805390472,http://amazon.com/dp/0805390472
Metamagical Themas,,,0465045669,,5,,https://covers.openlibrary.org/b/isbn/0465045669-L.jpg,,favorites,,,,,,,,,,https://covers.openlibrary.org/b/isbn/0465045669-L.jpg,https://covers.openlibrary.org/b/isbn/0465045669-M.jpg,https://covers.openlibrary.org/b/isbn/0465045669-S.jpg,,,https://x.com/search?q=from%3Apatrickcollison+Metamagical+Themas&src=typed_query,,,,https://openlibrary.org/isbn/0465045669,http://amazon.com/dp/0465045669
Winning the Story Wars,,,1422143562,,0,,https://covers.openlibrary.org/b/isbn/1422143562-L.jpg,,read,Why Those Who Tell (and Live) the Best Stories Will Rule the Future,,,,,,,,,https://covers.openlibrary.org/b/isbn/1422143562-L.jpg,https://covers.openlibrary.org/b/isbn/1422143562-M.jpg,https://covers.openlibrary.org/b/isbn/1422143562-S.jpg,,,https://x.com/search?q=from%3Apatrickcollison+Winning+the+Story+Wars&src=typed_query,,,,https://openlibrary.org/isbn/1422143562,http://amazon.com/dp/1422143562
The Tangled Web,,,1593273886,,0,,https://covers.openlibrary.org/b/isbn/1593273886-L.jpg,,read,A Guide to Securing Modern Web Applications 1st Edition,,,,,,,,,https://covers.openlibrary.org/b/isbn/1593273886-L.jpg,https://covers.openlibrary.org/b/isbn/1593273886-M.jpg,https://covers.openlibrary.org/b/isbn/1593273886-S.jpg,,,https://x.com/search?q=from%3Apatrickcollison+The+Tangled+Web&src=typed_query,,,,https://openlibrary.org/isbn/1593273886,http://amazon.com/dp/1593273886
Connections,,,0316116815,,0,,https://covers.openlibrary.org/b/isbn/0316116815-L.jpg,,read,,,,,,,,,,https://covers.openlibrary.org/b/isbn/0316116815-L.jpg,https://covers.openlibrary.org/b/isbn/0316116815-M.jpg,https://covers.openlibrary.org/b/isbn/0316116815-S.jpg,,,https://x.com/search?q=from%3Apatrickcollison+Connections&src=typed_query,,,,https://openlibrary.org/isbn/0316116815,http://amazon.com/dp/0316116815
Postcards from Tomorrow Square,,,0307456242,,4,,https://covers.openlibrary.org/b/isbn/0307456242-L.jpg,,highly-recommended,,,,,,,,,,https://covers.openlibrary.org/b/isbn/0307456242-L.jpg,https://covers.openlibrary.org/b/isbn/0307456242-M.jpg,https://covers.openlibrary.org/b/isbn/0307456242-S.jpg,,,https://x.com/search?q=from%3Apatrickcollison+Postcards+from+Tomorrow+Square&src=typed_query,,,,https://openlibrary.org/isbn/0307456242,http://amazon.com/dp/0307456242
About Face 2.0,,,0764526413,,0,,https://covers.openlibrary.org/b/isbn/0764526413-L.jpg,,read,The Essentials of Interaction Design,,,,,,,,,https://covers.openlibrary.org/b/isbn/0764526413-L.jpg,https://covers.openlibrary.org/b/isbn/0764526413-M.jpg,https://covers.openlibrary.org/b/isbn/0764526413-S.jpg,,,https://x.com/search?q=from%3Apatrickcollison+About+Face+20&src=typed_query,,,,https://openlibrary.org/isbn/0764526413,http://amazon.com/dp/0764526413
n+1 Number Thirteen,,,0982597754,,0,,https://covers.openlibrary.org/b/isbn/0982597754-L.jpg,,read,Machine Politics,,,,,,,,,https://covers.openlibrary.org/b/isbn/0982597754-L.jpg,https://covers.openlibrary.org/b/isbn/0982597754-M.jpg,https://covers.openlibrary.org/b/isbn/0982597754-S.jpg,,,https://x.com/search?q=from%3Apatrickcollison+n1+Number+Thirteen&src=typed_query,,,,https://openlibrary.org/isbn/0982597754,http://amazon.com/dp/0982597754
Cessna 1978,,,B0013LOVY6,,0,,,,read,"Model 152, Pilot's Operating Handbook",,,,,,,,,,,,,,https://x.com/search?q=from%3Apatrickcollison+Cessna+1978&src=typed_query,,,,https://openlibrary.org/search?q=B0013LOVY6,http://amazon.com/dp/B0013LOVY6
The Andromeda Strain,,,0394415256,,0,,https://covers.openlibrary.org/b/isbn/0394415256-L.jpg,,read,,,,,,,,,,https://covers.openlibrary.org/b/isbn/0394415256-L.jpg,https://covers.openlibrary.org/b/isbn/0394415256-M.jpg,https://covers.openlibrary.org/b/isbn/0394415256-S.jpg,,,https://x.com/search?q=from%3Apatrickcollison+The+Andromeda+Strain&src=typed_query,,,,https://openlibrary.org/isbn/0394415256,http://amazon.com/dp/0394415256
The Anabasis,,,B00A1D8Z3U,,0,,,,read,"Or, Expedition of Cyrus, and the Memorabilis of Socrates",,,,,,,,,,,,,,https://x.com/search?q=from%3Apatrickcollison+The+Anabasis&src=typed_query,,,,https://openlibrary.org/search?q=B00A1D8Z3U,http://amazon.com/dp/B00A1D8Z3U
Asimov,,,0006480160,,0,,https://covers.openlibrary.org/b/isbn/0006480160-L.jpg,,read,The Complete Stories vol 2,,,,,,,,,https://covers.openlibrary.org/b/isbn/0006480160-L.jpg,https://covers.openlibrary.org/b/isbn/0006480160-M.jpg,https://covers.openlibrary.org/b/isbn/0006480160-S.jpg,,,https://x.com/search?q=from%3Apatrickcollison+Asimov&src=typed_query,,,,https://openlibrary.org/isbn/0006480160,http://amazon.com/dp/0006480160
Foundation's Edge,,,B001BIDFAM,,0,,,,read,,,,,,,,,,,,,,,https://x.com/search?q=from%3Apatrickcollison+Foundations+Edge&src=typed_query,,,,https://openlibrary.org/search?q=B001BIDFAM,http://amazon.com/dp/B001BIDFAM
The Early Asimov,,,B000OWI2AY,,0,,,,read,Book Two,,,,,,,,,,,,,,https://x.com/search?q=from%3Apatrickcollison+The+Early+Asimov&src=typed_query,,,,https://openlibrary.org/search?q=B000OWI2AY,http://amazon.com/dp/B000OWI2AY
The Diary of John Evelyn Volumes 1 + 2,,,B001Z0SJFM,,0,,,,read,,,,,,,,,,,,,,,https://x.com/search?q=from%3Apatrickcollison+The+Diary+of+John+Evelyn+Volumes+1++2&src=typed_query,,,,https://openlibrary.org/search?q=B001Z0SJFM,http://amazon.com/dp/B001Z0SJFM
The Diary of John Evelyn Volume 2,,,B0011EVD7I,,0,,,,read,,,,,,,,,,,,,,,https://x.com/search?q=from%3Apatrickcollison+The+Diary+of+John+Evelyn+Volume+2&src=typed_query,,,,https://openlibrary.org/search?q=B0011EVD7I,http://amazon.com/dp/B0011EVD7I
The Art of the Metaobject Protocol,,,0262610744,,0,,https://covers.openlibrary.org/b/isbn/0262610744-L.jpg,,read,,,,,,,,,,https://covers.openlibrary.org/b/isbn/0262610744-L.jpg,https://covers.openlibrary.org/b/isbn/0262610744-M.jpg,https://covers.openlibrary.org/b/isbn/0262610744-S.jpg,,,https://x.com/search?q=from%3Apatrickcollison+The+Art+of+the+Metaobject+Protocol&src=typed_query,,,,https://openlibrary.org/isbn/0262610744,http://amazon.com/dp/0262610744
The Case for Mars,,,0684827573,,0,,https://covers.openlibrary.org/b/isbn/0684827573-L.jpg,,read,,,,,,,,,,https://covers.openlibrary.org/b/isbn/0684827573-L.jpg,https://covers.openlibrary.org/b/isbn/0684827573-M.jpg,https://covers.openlibrary.org/b/isbn/0684827573-S.jpg,,,https://x.com/search?q=from%3Apatrickcollison+The+Case+for+Mars&src=typed_query,,,,https://openlibrary.org/isbn/0684827573,http://amazon.com/dp/0684827573
Hacking the Xbox,,,0613920392,,0,,https://covers.openlibrary.org/b/isbn/0613920392-L.jpg,,read,An Introduction to Reverse Engineering,,,,,,,,,https://covers.openlibrary.org/b/isbn/0613920392-L.jpg,https://covers.openlibrary.org/b/isbn/0613920392-M.jpg,https://covers.openlibrary.org/b/isbn/0613920392-S.jpg,,,https://x.com/search?q=from%3Apatrickcollison+Hacking+the+Xbox&src=typed_query,,,,https://openlibrary.org/isbn/0613920392,http://amazon.com/dp/0613920392
I Didn't Do It for You,,,0060780924,,4,,https://covers.openlibrary.org/b/isbn/0060780924-L.jpg,,highly-recommended,How the World Betrayed a Small African Nation,,,,,,,,,https://covers.openlibrary.org/b/isbn/0060780924-L.jpg,https://covers.openlibrary.org/b/isbn/0060780924-M.jpg,https://covers.openlibrary.org/b/isbn/0060780924-S.jpg,,,https://x.com/search?q=from%3Apatrickcollison+I+Didnt+Do+It+for+You&src=typed_query,,,,https://openlibrary.org/isbn/0060780924,http://amazon.com/dp/0060780924
The Princeton Companion to Mathematics,,,0691118809,,0,,https://covers.openlibrary.org/b/isbn/0691118809-L.jpg,,read,,,,,,,,,,https://covers.openlibrary.org/b/isbn/0691118809-L.jpg,https://covers.openlibrary.org/b/isbn/0691118809-M.jpg,https://covers.openlibrary.org/b/isbn/0691118809-S.jpg,,,https://x.com/search?q=from%3Apatrickcollison+The+Princeton+Companion+to+Mathematics&src=typed_query,,,,https://openlibrary.org/isbn/0691118809,http://amazon.com/dp/0691118809
Nmap Network Scanning,,,0979958717,,0,,https://covers.openlibrary.org/b/isbn/0979958717-L.jpg,,read,The Official Nmap Project Guide to Network Discovery and Security Scanning,,,,,,,,,https://covers.openlibrary.org/b/isbn/0979958717-L.jpg,https://covers.openlibrary.org/b/isbn/0979958717-M.jpg,https://covers.openlibrary.org/b/isbn/0979958717-S.jpg,,,https://x.com/search?q=from%3Apatrickcollison+Nmap+Network+Scanning&src=typed_query,,,,https://openlibrary.org/isbn/0979958717,http://amazon.com/dp/0979958717
The Art and Craft of Problem Solving 1st Edition,,,0471135712,,0,,https://covers.openlibrary.org/b/isbn/0471135712-L.jpg,,read,,,,,,,,,,https://covers.openlibrary.org/b/isbn/0471135712-L.jpg,https://covers.openlibrary.org/b/isbn/0471135712-M.jpg,https://covers.openlibrary.org/b/isbn/0471135712-S.jpg,,,https://x.com/search?q=from%3Apatrickcollison+The+Art+and+Craft+of+Problem+Solving+1st+Edition&src=typed_query,,,,https://openlibrary.org/isbn/0471135712,http://amazon.com/dp/0471135712
The Seasoned Schemer,,,026256100X,,0,,,,read,,,,,,,,,,,,,,,https://x.com/search?q=from%3Apatrickcollison+The+Seasoned+Schemer&src=typed_query,,,,https://openlibrary.org/search?q=026256100X,http://amazon.com/dp/026256100X
The Quest for Consciousness,,,0974707708,,0,,https://covers.openlibrary.org/b/isbn/0974707708-L.jpg,,read,A Neurobiological Approach,,,,,,,,,https://covers.openlibrary.org/b/isbn/0974707708-L.jpg,https://covers.openlibrary.org/b/isbn/0974707708-M.jpg,https://covers.openlibrary.org/b/isbn/0974707708-S.jpg,,,https://x.com/search?q=from%3Apatrickcollison+The+Quest+for+Consciousness&src=typed_query,,,,https://openlibrary.org/isbn/0974707708,http://amazon.com/dp/0974707708
Kawasaki Klr650 1987-2006,,,1599690497,,0,,https://covers.openlibrary.org/b/isbn/1599690497-L.jpg,,read,"Service, Repair, Maintenance (Clymer Motorcycle Repair)",,,,,,,,,https://covers.openlibrary.org/b/isbn/1599690497-L.jpg,https://covers.openlibrary.org/b/isbn/1599690497-M.jpg,https://covers.openlibrary.org/b/isbn/1599690497-S.jpg,,,https://x.com/search?q=from%3Apatrickcollison+Kawasaki+Klr650+19872006&src=typed_query,,,,https://openlibrary.org/isbn/1599690497,http://amazon.com/dp/1599690497
Snowdrops,,,1848874537,,0,,https://covers.openlibrary.org/b/isbn/1848874537-L.jpg,,read,,,,,,,,,,https://covers.openlibrary.org/b/isbn/1848874537-L.jpg,https://covers.openlibrary.org/b/isbn/1848874537-M.jpg,https://covers.openlibrary.org/b/isbn/1848874537-S.jpg,,,https://x.com/search?q=from%3Apatrickcollison+Snowdrops&src=typed_query,,,,https://openlibrary.org/isbn/1848874537,http://www.amazon.co.uk/Snowdrops-A-D-Miller/dp/1848874537
The Master Switch,,,0307269930,,0,,https://covers.openlibrary.org/b/isbn/0307269930-L.jpg,,read,The Rise and Fall of Information Empires (Borzoi Books) 1st Edition,,,,,,,,,https://covers.openlibrary.org/b/isbn/0307269930-L.jpg,https://covers.openlibrary.org/b/isbn/0307269930-M.jpg,https://covers.openlibrary.org/b/isbn/0307269930-S.jpg,,,https://x.com/search?q=from%3Apatrickcollison+The+Master+Switch&src=typed_query,,,,https://openlibrary.org/isbn/0307269930,http://amazon.com/dp/0307269930
On Lisp,,,0130305529,,4,,https://covers.openlibrary.org/b/isbn/0130305529-L.jpg,,highly-recommended,Advanced Techniques for Common Lisp,,,,,,,,,https://covers.openlibrary.org/b/isbn/0130305529-L.jpg,https://covers.openlibrary.org/b/isbn/0130305529-M.jpg,https://covers.openlibrary.org/b/isbn/0130305529-S.jpg,,,https://x.com/search?q=from%3Apatrickcollison+On+Lisp&src=typed_query,,,,https://openlibrary.org/isbn/0130305529,http://amazon.com/dp/0130305529
Advanced Topics in Types and Programming Languages,,,0262162288,,0,,https://covers.openlibrary.org/b/isbn/0262162288-L.jpg,,read,,,,,,,,,,https://covers.openlibrary.org/b/isbn/0262162288-L.jpg,https://covers.openlibrary.org/b/isbn/0262162288-M.jpg,https://covers.openlibrary.org/b/isbn/0262162288-S.jpg,,,https://x.com/search?q=from%3Apatrickcollison+Advanced+Topics+in+Types+and+Programming+Languages&src=typed_query,,,,https://openlibrary.org/isbn/0262162288,http://amazon.com/dp/0262162288
Biohazard,,,0375502319,,0,,https://covers.openlibrary.org/b/isbn/0375502319-L.jpg,,read,The Chilling True Story of the Largest Covert Biological Weapons Program in the World--Told from Inside by the Man Who Ran It,,,,,,,,,https://covers.openlibrary.org/b/isbn/0375502319-L.jpg,https://covers.openlibrary.org/b/isbn/0375502319-M.jpg,https://covers.openlibrary.org/b/isbn/0375502319-S.jpg,,,https://x.com/search?q=from%3Apatrickcollison+Biohazard&src=typed_query,,,,https://openlibrary.org/isbn/0375502319,http://amazon.com/dp/0375502319
K2,,,0767932501,,0,,https://covers.openlibrary.org/b/isbn/0767932501-L.jpg,,read,Life and Death on the World's Most Dangerous Mountain,,,,,,,,,https://covers.openlibrary.org/b/isbn/0767932501-L.jpg,https://covers.openlibrary.org/b/isbn/0767932501-M.jpg,https://covers.openlibrary.org/b/isbn/0767932501-S.jpg,,,https://x.com/search?q=from%3Apatrickcollison+K2&src=typed_query,,,,https://openlibrary.org/isbn/0767932501,http://amazon.com/dp/0767932501
The Idea Factory,,,1594203288,,0,,https://covers.openlibrary.org/b/isbn/1594203288-L.jpg,,read,Bell Labs and the Great Age of American Innovation,,,,,,,,,https://covers.openlibrary.org/b/isbn/1594203288-L.jpg,https://covers.openlibrary.org/b/isbn/1594203288-M.jpg,https://covers.openlibrary.org/b/isbn/1594203288-S.jpg,,,https://x.com/search?q=from%3Apatrickcollison+The+Idea+Factory&src=typed_query,,,,https://openlibrary.org/isbn/1594203288,http://amazon.com/dp/1594203288
Principles of Quantum Mechanics,,,0306447908,,0,,https://covers.openlibrary.org/b/isbn/0306447908-L.jpg,,read,,,,,,,,,,https://covers.openlibrary.org/b/isbn/0306447908-L.jpg,https://covers.openlibrary.org/b/isbn/0306447908-M.jpg,https://covers.openlibrary.org/b/isbn/0306447908-S.jpg,,,https://x.com/search?q=from%3Apatrickcollison+Principles+of+Quantum+Mechanics&src=typed_query,,,,https://openlibrary.org/isbn/0306447908,http://amazon.com/dp/0306447908
Matterhorn,,,080211928X,,4,,,,highly-recommended,A Novel of the Vietnam War,,,,,,,,,,,,,,https://x.com/search?q=from%3Apatrickcollison+Matterhorn&src=typed_query,,,,https://openlibrary.org/search?q=080211928X,http://amazon.com/dp/080211928X
Manifestoes,,,0801485916,,0,,https://covers.openlibrary.org/b/isbn/0801485916-L.jpg,,read,A Study of the National Recovery Administration,,,,,,,,,https://covers.openlibrary.org/b/isbn/0801485916-L.jpg,https://covers.openlibrary.org/b/isbn/0801485916-M.jpg,https://covers.openlibrary.org/b/isbn/0801485916-S.jpg,,,https://x.com/search?q=from%3Apatrickcollison+Manifestoes&src=typed_query,,,,https://openlibrary.org/isbn/0801485916,http://amazon.com/dp/0801485916
Fifty Classic Destinations for Pilots,,,0692245243,,0,,https://covers.openlibrary.org/b/isbn/0692245243-L.jpg,,read,,,,,,,,,,https://covers.openlibrary.org/b/isbn/0692245243-L.jpg,https://covers.openlibrary.org/b/isbn/0692245243-M.jpg,https://covers.openlibrary.org/b/isbn/0692245243-S.jpg,,,https://x.com/search?q=from%3Apatrickcollison+Fifty+Classic+Destinations+for+Pilots&src=typed_query,,,,https://openlibrary.org/isbn/0692245243,http://amazon.com/dp/0692245243
Model View Culture Quarterly No. 2,,,,,0,,,,read,"New writing on technology, diveristy and culture",,,,,,,,,,,,,,https://x.com/search?q=from%3Apatrickcollison+Model+View+Culture+Quarterly+No+2&src=typed_query,,,,,
Model View Culture Quarterly No. 1,,,,,0,,,,read,"New writing on technology, diveristy and culture",,,,,,,,,,,,,,https://x.com/search?q=from%3Apatrickcollison+Model+View+Culture+Quarterly+No+1&src=typed_query,,,,,
FAA Multiengine Flying,,,0884873358,,0,,https://covers.openlibrary.org/b/isbn/0884873358-L.jpg,,read,,,,,,,,,,https://covers.openlibrary.org/b/isbn/0884873358-L.jpg,https://covers.openlibrary.org/b/isbn/0884873358-M.jpg,https://covers.openlibrary.org/b/isbn/0884873358-S.jpg,,,https://x.com/search?q=from%3Apatrickcollison+FAA+Multiengine+Flying&src=typed_query,,,,https://openlibrary.org/isbn/0884873358,http://amazon.com/dp/0884873358
Proficient Motorcycling,,,1889540536,,0,,https://covers.openlibrary.org/b/isbn/1889540536-L.jpg,,read,The Ultimate Guide to Riding Well,,,,,,,,,https://covers.openlibrary.org/b/isbn/1889540536-L.jpg,https://covers.openlibrary.org/b/isbn/1889540536-M.jpg,https://covers.openlibrary.org/b/isbn/1889540536-S.jpg,,,https://x.com/search?q=from%3Apatrickcollison+Proficient+Motorcycling&src=typed_query,,,,https://openlibrary.org/isbn/1889540536,http://amazon.com/dp/1889540536
General Knowledge,,,186154068X,,0,,,,read,,,,,,,,,,,,,,,https://x.com/search?q=from%3Apatrickcollison+General+Knowledge&src=typed_query,,,,https://openlibrary.org/search?q=186154068X,http://amazon.com/dp/186154068X
The New Rules of Lifting,,,158333338X,,0,,,,read,Six Basic Moves for Maximum Muscle,,,,,,,,,,,,,,https://x.com/search?q=from%3Apatrickcollison+The+New+Rules+of+Lifting&src=typed_query,,,,https://openlibrary.org/search?q=158333338X,http://amazon.com/dp/158333338X
North Star over My Shoulder,,,0743262301,,0,,https://covers.openlibrary.org/b/isbn/0743262301-L.jpg,,read,A Flying Life,,,,,,,,,https://covers.openlibrary.org/b/isbn/0743262301-L.jpg,https://covers.openlibrary.org/b/isbn/0743262301-M.jpg,https://covers.openlibrary.org/b/isbn/0743262301-S.jpg,,,https://x.com/search?q=from%3Apatrickcollison+North+Star+over+My+Shoulder&src=typed_query,,,,https://openlibrary.org/isbn/0743262301,http://amazon.com/dp/0743262301
Starting Strength,,,0982522738,,0,,https://covers.openlibrary.org/b/isbn/0982522738-L.jpg,,read,"Basic Barbell Training, 3rd edition",,,,,,,,,https://covers.openlibrary.org/b/isbn/0982522738-L.jpg,https://covers.openlibrary.org/b/isbn/0982522738-M.jpg,https://covers.openlibrary.org/b/isbn/0982522738-S.jpg,,,https://x.com/search?q=from%3Apatrickcollison+Starting+Strength&src=typed_query,,,,https://openlibrary.org/isbn/0982522738,http://amazon.com/dp/0982522738
Envisioning Information,,,0961392118,,0,,https://covers.openlibrary.org/b/isbn/0961392118-L.jpg,,read,,,,,,,,,,https://covers.openlibrary.org/b/isbn/0961392118-L.jpg,https://covers.openlibrary.org/b/isbn/0961392118-M.jpg,https://covers.openlibrary.org/b/isbn/0961392118-S.jpg,,,https://x.com/search?q=from%3Apatrickcollison+Envisioning+Information&src=typed_query,,,,https://openlibrary.org/isbn/0961392118,http://amazon.com/dp/0961392118
Less and More,,,3899553977,,0,,https://covers.openlibrary.org/b/isbn/3899553977-L.jpg,,read,The Design Ethos of Dieter Rams,,,,,,,,,https://covers.openlibrary.org/b/isbn/3899553977-L.jpg,https://covers.openlibrary.org/b/isbn/3899553977-M.jpg,https://covers.openlibrary.org/b/isbn/3899553977-S.jpg,,,https://x.com/search?q=from%3Apatrickcollison+Less+and+More&src=typed_query,,,,https://openlibrary.org/isbn/3899553977,http://amazon.com/dp/3899553977
Jeppesen Instrument Commercial,,,0884873870,,0,,https://covers.openlibrary.org/b/isbn/0884873870-L.jpg,,read,,,,,,,,,,https://covers.openlibrary.org/b/isbn/0884873870-L.jpg,https://covers.openlibrary.org/b/isbn/0884873870-M.jpg,https://covers.openlibrary.org/b/isbn/0884873870-S.jpg,,,https://x.com/search?q=from%3Apatrickcollison+Jeppesen+Instrument+Commercial&src=typed_query,,,,https://openlibrary.org/isbn/0884873870,http://amazon.com/dp/0884873870
Calculus On Manifolds,,,0805390219,,0,,https://covers.openlibrary.org/b/isbn/0805390219-L.jpg,,read,A Modern Approach To Classical Theorems Of Advanced Calculus,,,,,,,,,https://covers.openlibrary.org/b/isbn/0805390219-L.jpg,https://covers.openlibrary.org/b/isbn/0805390219-M.jpg,https://covers.openlibrary.org/b/isbn/0805390219-S.jpg,,,https://x.com/search?q=from%3Apatrickcollison+Calculus+On+Manifolds&src=typed_query,,,,https://openlibrary.org/isbn/0805390219,http://amazon.com/dp/0805390219
Parallel and Concurrent Programming in Haskell,,,1449335942,,0,,https://covers.openlibrary.org/b/isbn/1449335942-L.jpg,,read,Techniques for Multicore and Multithreaded Programming,,,,,,,,,https://covers.openlibrary.org/b/isbn/1449335942-L.jpg,https://covers.openlibrary.org/b/isbn/1449335942-M.jpg,https://covers.openlibrary.org/b/isbn/1449335942-S.jpg,,,https://x.com/search?q=from%3Apatrickcollison+Parallel+and+Concurrent+Programming+in+Haskell&src=typed_query,,,,https://openlibrary.org/isbn/1449335942,http://amazon.com/dp/1449335942
Swimming Across,,,0446528595,,0,,https://covers.openlibrary.org/b/isbn/0446528595-L.jpg,,read,A Memoir,,,,,,,,,https://covers.openlibrary.org/b/isbn/0446528595-L.jpg,https://covers.openlibrary.org/b/isbn/0446528595-M.jpg,https://covers.openlibrary.org/b/isbn/0446528595-S.jpg,,,https://x.com/search?q=from%3Apatrickcollison+Swimming+Across&src=typed_query,,,,https://openlibrary.org/isbn/0446528595,http://amazon.com/dp/0446528595
Stuff Matters,,,0544236041,,4,,https://covers.openlibrary.org/b/isbn/0544236041-L.jpg,,highly-recommended,Exploring the Marvelous Materials That Shape Our Man-Made World,,,,,,,,,https://covers.openlibrary.org/b/isbn/0544236041-L.jpg,https://covers.openlibrary.org/b/isbn/0544236041-M.jpg,https://covers.openlibrary.org/b/isbn/0544236041-S.jpg,,,https://x.com/search?q=from%3Apatrickcollison+Stuff+Matters&src=typed_query,,,,https://openlibrary.org/isbn/0544236041,http://amazon.com/dp/0544236041
Expert Political Judgment,,,0691123020,,4,,https://covers.openlibrary.org/b/isbn/0691123020-L.jpg,,highly-recommended,How Good Is It? How Can We Know?,,,,,,,,,https://covers.openlibrary.org/b/isbn/0691123020-L.jpg,https://covers.openlibrary.org/b/isbn/0691123020-M.jpg,https://covers.openlibrary.org/b/isbn/0691123020-S.jpg,,,https://x.com/search?q=from%3Apatrickcollison+Expert+Political+Judgment&src=typed_query,,,,https://openlibrary.org/isbn/0691123020,http://amazon.com/dp/0691123020
Sapiens,,,0062316095,,0,,https://covers.openlibrary.org/b/isbn/0062316095-L.jpg,,read,A Brief History of Humankind 1St Edition Edition,,,,,,,,,https://covers.openlibrary.org/b/isbn/0062316095-L.jpg,https://covers.openlibrary.org/b/isbn/0062316095-M.jpg,https://covers.openlibrary.org/b/isbn/0062316095-S.jpg,,,https://x.com/search?q=from%3Apatrickcollison+Sapiens&src=typed_query,,,,https://openlibrary.org/isbn/0062316095,http://amazon.com/dp/0062316095
Governing the Commons,,,0521405998,,0,,https://covers.openlibrary.org/b/isbn/0521405998-L.jpg,,read,The Evolution of Institutions for Collective Action (Political Economy of Institutions and Decisions),,,,,,,,,https://covers.openlibrary.org/b/isbn/0521405998-L.jpg,https://covers.openlibrary.org/b/isbn/0521405998-M.jpg,https://covers.openlibrary.org/b/isbn/0521405998-S.jpg,,,https://x.com/search?q=from%3Apatrickcollison+Governing+the+Commons&src=typed_query,,,,https://openlibrary.org/isbn/0521405998,http://amazon.com/dp/0521405998
Origins of Genius,,,0195128796,,0,,https://covers.openlibrary.org/b/isbn/0195128796-L.jpg,,read,Darwinian Perspectives on Creativity 1st Edition,,,,,,,,,https://covers.openlibrary.org/b/isbn/0195128796-L.jpg,https://covers.openlibrary.org/b/isbn/0195128796-M.jpg,https://covers.openlibrary.org/b/isbn/0195128796-S.jpg,,,https://x.com/search?q=from%3Apatrickcollison+Origins+of+Genius&src=typed_query,,,,https://openlibrary.org/isbn/0195128796,http://amazon.com/dp/0195128796
A course in mathematical analysis,,,1418181781,,4,,https://covers.openlibrary.org/b/isbn/1418181781-L.jpg,,highly-recommended,,,,,,,,,,https://covers.openlibrary.org/b/isbn/1418181781-L.jpg,https://covers.openlibrary.org/b/isbn/1418181781-M.jpg,https://covers.openlibrary.org/b/isbn/1418181781-S.jpg,,,https://x.com/search?q=from%3Apatrickcollison+A+course+in+mathematical+analysis&src=typed_query,,,,https://openlibrary.org/isbn/1418181781,http://amazon.com/dp/1418181781
Princes of the Yen,,,,,0,,,,read,Japan's Central Bankers and the Transformation of the Economy (East Gate Books),,,,,,,,,,,,,,https://x.com/search?q=from%3Apatrickcollison+Princes+of+the+Yen&src=typed_query,,,,,http://www.amazon.com/s/ref=nb_sb_noss?url=search-alias%3Daps&field-keywords=ISBN-13%3A+978-0765610492
Arguably,,,1455502782,,0,,https://covers.openlibrary.org/b/isbn/1455502782-L.jpg,,read,Essays by Christopher Hitchens,,,,,,,,,https://covers.openlibrary.org/b/isbn/1455502782-L.jpg,https://covers.openlibrary.org/b/isbn/1455502782-M.jpg,https://covers.openlibrary.org/b/isbn/1455502782-S.jpg,,,https://x.com/search?q=from%3Apatrickcollison+Arguably&src=typed_query,,,,https://openlibrary.org/isbn/1455502782,http://amazon.com/dp/1455502782
The Amber Spyglass,,,0679879269,,0,,https://covers.openlibrary.org/b/isbn/0679879269-L.jpg,,read,"His Dark Materials, Book 3",,,,,,,,,https://covers.openlibrary.org/b/isbn/0679879269-L.jpg,https://covers.openlibrary.org/b/isbn/0679879269-M.jpg,https://covers.openlibrary.org/b/isbn/0679879269-S.jpg,,,https://x.com/search?q=from%3Apatrickcollison+The+Amber+Spyglass&src=typed_query,,,,https://openlibrary.org/isbn/0679879269,http://amazon.com/dp/0679879269
JavaScript,,,0596517742,,0,,https://covers.openlibrary.org/b/isbn/0596517742-L.jpg,,read,The Good Parts,,,,,,,,,https://covers.openlibrary.org/b/isbn/0596517742-L.jpg,https://covers.openlibrary.org/b/isbn/0596517742-M.jpg,https://covers.openlibrary.org/b/isbn/0596517742-S.jpg,,,https://x.com/search?q=from%3Apatrickcollison+JavaScript&src=typed_query,,,,https://openlibrary.org/isbn/0596517742,http://amazon.com/dp/0596517742
On Ugliness,,,0847829863,,0,,https://covers.openlibrary.org/b/isbn/0847829863-L.jpg,,read,,,,,,,,,,https://covers.openlibrary.org/b/isbn/0847829863-L.jpg,https://covers.openlibrary.org/b/isbn/0847829863-M.jpg,https://covers.openlibrary.org/b/isbn/0847829863-S.jpg,,,https://x.com/search?q=from%3Apatrickcollison+On+Ugliness&src=typed_query,,,,https://openlibrary.org/isbn/0847829863,http://amazon.com/dp/0847829863
Weather Whys,,,0399535705,,0,,https://covers.openlibrary.org/b/isbn/0399535705-L.jpg,,read,"Facts, Myths, and Oddities",,,,,,,,,https://covers.openlibrary.org/b/isbn/0399535705-L.jpg,https://covers.openlibrary.org/b/isbn/0399535705-M.jpg,https://covers.openlibrary.org/b/isbn/0399535705-S.jpg,,,https://x.com/search?q=from%3Apatrickcollison+Weather+Whys&src=typed_query,,,,https://openlibrary.org/isbn/0399535705,http://amazon.com/dp/0399535705
The Death and Life of Great American Cities,,,067974195X,,0,,,,read,,,,,,,,,,,,,,,https://x.com/search?q=from%3Apatrickcollison+The+Death+and+Life+of+Great+American+Cities&src=typed_query,,,,https://openlibrary.org/search?q=067974195X,http://amazon.com/dp/067974195X
Justice as Fairness,,,0674005112,,4,,https://covers.openlibrary.org/b/isbn/0674005112-L.jpg,,highly-recommended,,,,,,,,,,https://covers.openlibrary.org/b/isbn/0674005112-L.jpg,https://covers.openlibrary.org/b/isbn/0674005112-M.jpg,https://covers.openlibrary.org/b/isbn/0674005112-S.jpg,,,https://x.com/search?q=from%3Apatrickcollison+Justice+as+Fairness&src=typed_query,,,,https://openlibrary.org/isbn/0674005112,http://amazon.com/dp/0674005112
Technics and Civilization,,,0226550273,,0,,https://covers.openlibrary.org/b/isbn/0226550273-L.jpg,,read,,,,,,,,,,https://covers.openlibrary.org/b/isbn/0226550273-L.jpg,https://covers.openlibrary.org/b/isbn/0226550273-M.jpg,https://covers.openlibrary.org/b/isbn/0226550273-S.jpg,,,https://x.com/search?q=from%3Apatrickcollison+Technics+and+Civilization&src=typed_query,,,,https://openlibrary.org/isbn/0226550273,http://amazon.com/dp/0226550273
The Disappearance of Childhood,,,0679751661,,0,,https://covers.openlibrary.org/b/isbn/0679751661-L.jpg,,read,,,,,,,,,,https://covers.openlibrary.org/b/isbn/0679751661-L.jpg,https://covers.openlibrary.org/b/isbn/0679751661-M.jpg,https://covers.openlibrary.org/b/isbn/0679751661-S.jpg,,,https://x.com/search?q=from%3Apatrickcollison+The+Disappearance+of+Childhood&src=typed_query,,,,https://openlibrary.org/isbn/0679751661,http://amazon.com/dp/0679751661
Accidence Will Happen,,,0297871935,,0,,https://covers.openlibrary.org/b/isbn/0297871935-L.jpg,,read,The Non-Pedantic Guide to English Usage,,,,,,,,,https://covers.openlibrary.org/b/isbn/0297871935-L.jpg,https://covers.openlibrary.org/b/isbn/0297871935-M.jpg,https://covers.openlibrary.org/b/isbn/0297871935-S.jpg,,,https://x.com/search?q=from%3Apatrickcollison+Accidence+Will+Happen&src=typed_query,,,,https://openlibrary.org/isbn/0297871935,http://amazon.com/dp/0297871935
The City in History,,,0156180359,,4,,https://covers.openlibrary.org/b/isbn/0156180359-L.jpg,,highly-recommended,"Its Origins, Its Transformations, and Its Prospects",,,,,,,,,https://covers.openlibrary.org/b/isbn/0156180359-L.jpg,https://covers.openlibrary.org/b/isbn/0156180359-M.jpg,https://covers.openlibrary.org/b/isbn/0156180359-S.jpg,,,https://x.com/search?q=from%3Apatrickcollison+The+City+in+History&src=typed_query,,,,https://openlibrary.org/isbn/0156180359,http://amazon.com/dp/0156180359
The Pea and the Sun,,,1568813279,,0,,https://covers.openlibrary.org/b/isbn/1568813279-L.jpg,,read,A Mathematical Paradox,,,,,,,,,https://covers.openlibrary.org/b/isbn/1568813279-L.jpg,https://covers.openlibrary.org/b/isbn/1568813279-M.jpg,https://covers.openlibrary.org/b/isbn/1568813279-S.jpg,,,https://x.com/search?q=from%3Apatrickcollison+The+Pea+and+the+Sun&src=typed_query,,,,https://openlibrary.org/isbn/1568813279,http://amazon.com/dp/1568813279
A Portrait of the Artist as a Young Man (Transatlantic Classics),,,1908533846,,0,,https://covers.openlibrary.org/b/isbn/1908533846-L.jpg,,read,,,,,,,,,,https://covers.openlibrary.org/b/isbn/1908533846-L.jpg,https://covers.openlibrary.org/b/isbn/1908533846-M.jpg,https://covers.openlibrary.org/b/isbn/1908533846-S.jpg,,,https://x.com/search?q=from%3Apatrickcollison+A+Portrait+of+the+Artist+as+a+Young+Man+Transatlantic+Classi&src=typed_query,,,,https://openlibrary.org/isbn/1908533846,http://amazon.com/dp/1908533846
No Future for You,,,0262028336,,0,,https://covers.openlibrary.org/b/isbn/0262028336-L.jpg,,read,Salvos from The Baffler,,,,,,,,,https://covers.openlibrary.org/b/isbn/0262028336-L.jpg,https://covers.openlibrary.org/b/isbn/0262028336-M.jpg,https://covers.openlibrary.org/b/isbn/0262028336-S.jpg,,,https://x.com/search?q=from%3Apatrickcollison+No+Future+for+You&src=typed_query,,,,https://openlibrary.org/isbn/0262028336,http://amazon.com/dp/0262028336
Mass Flourishing,,,0691158983,,0,,https://covers.openlibrary.org/b/isbn/0691158983-L.jpg,,read,"How Grassroots Innovation Created Jobs, Challenge, and Change",,,,,,,,,https://covers.openlibrary.org/b/isbn/0691158983-L.jpg,https://covers.openlibrary.org/b/isbn/0691158983-M.jpg,https://covers.openlibrary.org/b/isbn/0691158983-S.jpg,,,https://x.com/search?q=from%3Apatrickcollison+Mass+Flourishing&src=typed_query,,,,https://openlibrary.org/isbn/0691158983,http://amazon.com/dp/0691158983
Understanding Media,,,0262631598,,0,,https://covers.openlibrary.org/b/isbn/0262631598-L.jpg,,read,The Extensions of Man,,,,,,,,,https://covers.openlibrary.org/b/isbn/0262631598-L.jpg,https://covers.openlibrary.org/b/isbn/0262631598-M.jpg,https://covers.openlibrary.org/b/isbn/0262631598-S.jpg,,,https://x.com/search?q=from%3Apatrickcollison+Understanding+Media&src=typed_query,,,,https://openlibrary.org/isbn/0262631598,http://amazon.com/dp/0262631598
Innovation and Entrepreneurship,,,0060851139,,0,,https://covers.openlibrary.org/b/isbn/0060851139-L.jpg,,read,,,,,,,,,,https://covers.openlibrary.org/b/isbn/0060851139-L.jpg,https://covers.openlibrary.org/b/isbn/0060851139-M.jpg,https://covers.openlibrary.org/b/isbn/0060851139-S.jpg,,,https://x.com/search?q=from%3Apatrickcollison+Innovation+and+Entrepreneurship&src=typed_query,,,,https://openlibrary.org/isbn/0060851139,http://amazon.com/dp/0060851139
Hamlet,,,0300101058,,0,,https://covers.openlibrary.org/b/isbn/0300101058-L.jpg,,read,,,,,,,,,,https://covers.openlibrary.org/b/isbn/0300101058-L.jpg,https://covers.openlibrary.org/b/isbn/0300101058-M.jpg,https://covers.openlibrary.org/b/isbn/0300101058-S.jpg,,,https://x.com/search?q=from%3Apatrickcollison+Hamlet&src=typed_query,,,,https://openlibrary.org/isbn/0300101058,http://amazon.com/dp/0300101058
Technopoly,,,0394582721,,0,,https://covers.openlibrary.org/b/isbn/0394582721-L.jpg,,read,The Surrender of Culture to Technology 1st Edition,,,,,,,,,https://covers.openlibrary.org/b/isbn/0394582721-L.jpg,https://covers.openlibrary.org/b/isbn/0394582721-M.jpg,https://covers.openlibrary.org/b/isbn/0394582721-S.jpg,,,https://x.com/search?q=from%3Apatrickcollison+Technopoly&src=typed_query,,,,https://openlibrary.org/isbn/0394582721,http://amazon.com/dp/0394582721
Conscientious Objections,,,067973421X,,0,,,,read,"Stirring Up Trouble About Language, Technology and Education",,,,,,,,,,,,,,https://x.com/search?q=from%3Apatrickcollison+Conscientious+Objections&src=typed_query,,,,https://openlibrary.org/search?q=067973421X,http://amazon.com/dp/067973421X
Amusing Ourselves to Death,,,014303653X,,4,,,,highly-recommended,Public Discourse in the Age of Show Business,,,,,,,,,,,,,,https://x.com/search?q=from%3Apatrickcollison+Amusing+Ourselves+to+Death&src=typed_query,,,,https://openlibrary.org/search?q=014303653X,http://amazon.com/dp/014303653X
Open City,,,0812980093,,0,,https://covers.openlibrary.org/b/isbn/0812980093-L.jpg,,read,A Novel,,,,,,,,,https://covers.openlibrary.org/b/isbn/0812980093-L.jpg,https://covers.openlibrary.org/b/isbn/0812980093-M.jpg,https://covers.openlibrary.org/b/isbn/0812980093-S.jpg,,,https://x.com/search?q=from%3Apatrickcollison+Open+City&src=typed_query,,,,https://openlibrary.org/isbn/0812980093,http://amazon.com/dp/0812980093
English Society in the Early Middle Ages (1066-1307) Vol. 3,,,0140202528,,0,,https://covers.openlibrary.org/b/isbn/0140202528-L.jpg,,read,,,,,,,,,,https://covers.openlibrary.org/b/isbn/0140202528-L.jpg,https://covers.openlibrary.org/b/isbn/0140202528-M.jpg,https://covers.openlibrary.org/b/isbn/0140202528-S.jpg,,,https://x.com/search?q=from%3Apatrickcollison+English+Society+in+the+Early+Middle+Ages+10661307+Vol+3&src=typed_query,,,,https://openlibrary.org/isbn/0140202528,http://amazon.com/dp/0140202528
Science in History,,,B000FF8OGM,,0,,,,read,"Volume 1 the Emergence of Science; Volume 2 the Scientific and Industrial Revolutions; Volume 3 the Natural Sciences in Our Time; Volume 4 the Social Sciences, Conclusion",,,,,,,,,,,,,,https://x.com/search?q=from%3Apatrickcollison+Science+in+History&src=typed_query,,,,https://openlibrary.org/search?q=B000FF8OGM,http://amazon.com/dp/B000FF8OGM
Arguably,,,0857892568,,0,,https://covers.openlibrary.org/b/isbn/0857892568-L.jpg,,read,"Writings on Love, War, God and Mammon",,,,,,,,,https://covers.openlibrary.org/b/isbn/0857892568-L.jpg,https://covers.openlibrary.org/b/isbn/0857892568-M.jpg,https://covers.openlibrary.org/b/isbn/0857892568-S.jpg,,,https://x.com/search?q=from%3Apatrickcollison+Arguably&src=typed_query,,,,https://openlibrary.org/isbn/0857892568,http://amazon.com/dp/0857892568
What It Takes,,,0394562607,,0,,https://covers.openlibrary.org/b/isbn/0394562607-L.jpg,,read,The Way to the White House,,,,,,,,,https://covers.openlibrary.org/b/isbn/0394562607-L.jpg,https://covers.openlibrary.org/b/isbn/0394562607-M.jpg,https://covers.openlibrary.org/b/isbn/0394562607-S.jpg,,,https://x.com/search?q=from%3Apatrickcollison+What+It+Takes&src=typed_query,,,,https://openlibrary.org/isbn/0394562607,http://amazon.com/dp/0394562607
Future Shop,,,0312063598,,0,,https://covers.openlibrary.org/b/isbn/0312063598-L.jpg,,read,How New Technologies Will Change the Way We Shop and What We Buy,,,,,,,,,https://covers.openlibrary.org/b/isbn/0312063598-L.jpg,https://covers.openlibrary.org/b/isbn/0312063598-M.jpg,https://covers.openlibrary.org/b/isbn/0312063598-S.jpg,,,https://x.com/search?q=from%3Apatrickcollison+Future+Shop&src=typed_query,,,,https://openlibrary.org/isbn/0312063598,http://amazon.com/dp/0312063598
The Nature of Mathematical Modeling,,,0521570956,,4,,https://covers.openlibrary.org/b/isbn/0521570956-L.jpg,,highly-recommended,,,,,,,,,,https://covers.openlibrary.org/b/isbn/0521570956-L.jpg,https://covers.openlibrary.org/b/isbn/0521570956-M.jpg,https://covers.openlibrary.org/b/isbn/0521570956-S.jpg,,,https://x.com/search?q=from%3Apatrickcollison+The+Nature+of+Mathematical+Modeling&src=typed_query,,,,https://openlibrary.org/isbn/0521570956,http://amazon.com/dp/0521570956
History of Engineering Drawing,,,0852984243,,0,,https://covers.openlibrary.org/b/isbn/0852984243-L.jpg,,read,,,,,,,,,,https://covers.openlibrary.org/b/isbn/0852984243-L.jpg,https://covers.openlibrary.org/b/isbn/0852984243-M.jpg,https://covers.openlibrary.org/b/isbn/0852984243-S.jpg,,,https://x.com/search?q=from%3Apatrickcollison+History+of+Engineering+Drawing&src=typed_query,,,,https://openlibrary.org/isbn/0852984243,http://amazon.com/dp/0852984243
"Quantum Physics of Atoms, Molecules, Solids, Nuclei, and Particles",,,047187373X,,0,,,,read,,,,,,,,,,,,,,,https://x.com/search?q=from%3Apatrickcollison+Quantum+Physics+of+Atoms+Molecules+Solids+Nuclei+and+Particl&src=typed_query,,,,https://openlibrary.org/search?q=047187373X,http://amazon.com/dp/047187373X
Thinking with Type,,,1568989695,,0,,https://covers.openlibrary.org/b/isbn/1568989695-L.jpg,,read,"A Critical Guide for Designers, Writers, Editors, & Students",,,,,,,,,https://covers.openlibrary.org/b/isbn/1568989695-L.jpg,https://covers.openlibrary.org/b/isbn/1568989695-M.jpg,https://covers.openlibrary.org/b/isbn/1568989695-S.jpg,,,https://x.com/search?q=from%3Apatrickcollison+Thinking+with+Type&src=typed_query,,,,https://openlibrary.org/isbn/1568989695,http://amazon.com/dp/1568989695
The Social Conquest of Earth,,,0871404133,,0,,https://covers.openlibrary.org/b/isbn/0871404133-L.jpg,,read,,,,,,,,,,https://covers.openlibrary.org/b/isbn/0871404133-L.jpg,https://covers.openlibrary.org/b/isbn/0871404133-M.jpg,https://covers.openlibrary.org/b/isbn/0871404133-S.jpg,,,https://x.com/search?q=from%3Apatrickcollison+The+Social+Conquest+of+Earth&src=typed_query,,,,https://openlibrary.org/isbn/0871404133,http://amazon.com/dp/0871404133
The Casual Vacancy,,,0316228583,,0,,https://covers.openlibrary.org/b/isbn/0316228583-L.jpg,,read,,,,,,,,,,https://covers.openlibrary.org/b/isbn/0316228583-L.jpg,https://covers.openlibrary.org/b/isbn/0316228583-M.jpg,https://covers.openlibrary.org/b/isbn/0316228583-S.jpg,,,https://x.com/search?q=from%3Apatrickcollison+The+Casual+Vacancy&src=typed_query,,,,https://openlibrary.org/isbn/0316228583,http://amazon.com/dp/0316228583
The Metaphysical Foundations of Modern Science,,,0486425517,,0,,https://covers.openlibrary.org/b/isbn/0486425517-L.jpg,,read,,,,,,,,,,https://covers.openlibrary.org/b/isbn/0486425517-L.jpg,https://covers.openlibrary.org/b/isbn/0486425517-M.jpg,https://covers.openlibrary.org/b/isbn/0486425517-S.jpg,,,https://x.com/search?q=from%3Apatrickcollison+The+Metaphysical+Foundations+of+Modern+Science&src=typed_query,,,,https://openlibrary.org/isbn/0486425517,http://amazon.com/dp/0486425517
Einstein's Dreams,,,140007780X,,0,,,,read,,,,,,,,,,,,,,,https://x.com/search?q=from%3Apatrickcollison+Einsteins+Dreams&src=typed_query,,,,https://openlibrary.org/search?q=140007780X,http://amazon.com/dp/140007780X
Life in Moving Fluids,,,0691026165,,0,,https://covers.openlibrary.org/b/isbn/0691026165-L.jpg,,read,The Physical Biology of Flow (Princeton Paperbacks),,,,,,,,,https://covers.openlibrary.org/b/isbn/0691026165-L.jpg,https://covers.openlibrary.org/b/isbn/0691026165-M.jpg,https://covers.openlibrary.org/b/isbn/0691026165-S.jpg,,,https://x.com/search?q=from%3Apatrickcollison+Life+in+Moving+Fluids&src=typed_query,,,,https://openlibrary.org/isbn/0691026165,http://amazon.com/dp/0691026165
Mr. Penumbra's 24-Hour Bookstore,,,1250037751,,0,,https://covers.openlibrary.org/b/isbn/1250037751-L.jpg,,read,A Novel,,,,,,,,,https://covers.openlibrary.org/b/isbn/1250037751-L.jpg,https://covers.openlibrary.org/b/isbn/1250037751-M.jpg,https://covers.openlibrary.org/b/isbn/1250037751-S.jpg,,,https://x.com/search?q=from%3Apatrickcollison+Mr+Penumbras+24Hour+Bookstore&src=typed_query,,,,https://openlibrary.org/isbn/1250037751,http://amazon.com/dp/1250037751
Wandering Significance,,,0199532303,,0,,https://covers.openlibrary.org/b/isbn/0199532303-L.jpg,,read,An Essay on Conceptual Behaviour 1st Edition,,,,,,,,,https://covers.openlibrary.org/b/isbn/0199532303-L.jpg,https://covers.openlibrary.org/b/isbn/0199532303-M.jpg,https://covers.openlibrary.org/b/isbn/0199532303-S.jpg,,,https://x.com/search?q=from%3Apatrickcollison+Wandering+Significance&src=typed_query,,,,https://openlibrary.org/isbn/0199532303,http://amazon.com/dp/0199532303
Good Hunting,,,0374130329,,0,,https://covers.openlibrary.org/b/isbn/0374130329-L.jpg,,read,An American Spymaster's Story,,,,,,,,,https://covers.openlibrary.org/b/isbn/0374130329-L.jpg,https://covers.openlibrary.org/b/isbn/0374130329-M.jpg,https://covers.openlibrary.org/b/isbn/0374130329-S.jpg,,,https://x.com/search?q=from%3Apatrickcollison+Good+Hunting&src=typed_query,,,,https://openlibrary.org/isbn/0374130329,http://amazon.com/dp/0374130329
Evolution Of Cooperation,,,0465021220,,0,,https://covers.openlibrary.org/b/isbn/0465021220-L.jpg,,read,,,,,,,,,,https://covers.openlibrary.org/b/isbn/0465021220-L.jpg,https://covers.openlibrary.org/b/isbn/0465021220-M.jpg,https://covers.openlibrary.org/b/isbn/0465021220-S.jpg,,,https://x.com/search?q=from%3Apatrickcollison+Evolution+Of+Cooperation&src=typed_query,,,,https://openlibrary.org/isbn/0465021220,http://amazon.com/dp/0465021220
Stairway Walks in San Francisco,,,0899976379,,0,,https://covers.openlibrary.org/b/isbn/0899976379-L.jpg,,read,,,,,,,,,,https://covers.openlibrary.org/b/isbn/0899976379-L.jpg,https://covers.openlibrary.org/b/isbn/0899976379-M.jpg,https://covers.openlibrary.org/b/isbn/0899976379-S.jpg,,,https://x.com/search?q=from%3Apatrickcollison+Stairway+Walks+in+San+Francisco&src=typed_query,,,,https://openlibrary.org/isbn/0899976379,http://amazon.com/dp/0899976379
Structure and Interpretation of Computer Programs,,,,,4,,,,highly-recommended,,,,,,,,,,,,,,,https://x.com/search?q=from%3Apatrickcollison+Structure+and+Interpretation+of+Computer+Programs&src=typed_query,,,,,http://www.amazon.com/s/ref=nb_sb_noss?url=search-alias%3Dstripbooks&field-keywords=ISBN-13%3A+978-0262510875
The Road to Reality,,,0679776311,,0,,https://covers.openlibrary.org/b/isbn/0679776311-L.jpg,,read,A Complete Guide to the Laws of the Universe,,,,,,,,,https://covers.openlibrary.org/b/isbn/0679776311-L.jpg,https://covers.openlibrary.org/b/isbn/0679776311-M.jpg,https://covers.openlibrary.org/b/isbn/0679776311-S.jpg,,,https://x.com/search?q=from%3Apatrickcollison+The+Road+to+Reality&src=typed_query,,,,https://openlibrary.org/isbn/0679776311,http://amazon.com/dp/0679776311
The Scientist as Rebel,,,,,0,,,,read,,,,,,,,,,,,,,,https://x.com/search?q=from%3Apatrickcollison+The+Scientist+as+Rebel&src=typed_query,,,,,http://www.amazon.com/s/ref=nb_sb_noss?url=search-alias%3Dstripbooks&field-keywords=ISBN-13%3A+978-1590172162
Dancing in the Glory of Monsters,,,B0076M4VDC,,5,,,,favorites,The Collapse of the Congo and the Great War of Africa Kindle Edition,,,,,,,,,,,,,,https://x.com/search?q=from%3Apatrickcollison+Dancing+in+the+Glory+of+Monsters&src=typed_query,,,,https://openlibrary.org/search?q=B0076M4VDC,http://amazon.com/dp/B0076M4VDC
Skunk Works,,,0316743305,,0,,https://covers.openlibrary.org/b/isbn/0316743305-L.jpg,,read,A Personal Memoir of My Years at Lockheed,,,,,,,,,https://covers.openlibrary.org/b/isbn/0316743305-L.jpg,https://covers.openlibrary.org/b/isbn/0316743305-M.jpg,https://covers.openlibrary.org/b/isbn/0316743305-S.jpg,,,https://x.com/search?q=from%3Apatrickcollison+Skunk+Works&src=typed_query,,,,https://openlibrary.org/isbn/0316743305,http://amazon.com/dp/0316743305
The Monk and the Riddle,,,1578511402,,0,,https://covers.openlibrary.org/b/isbn/1578511402-L.jpg,,read,The Education of a Silicon Valley Entrepreneur,,,,,,,,,https://covers.openlibrary.org/b/isbn/1578511402-L.jpg,https://covers.openlibrary.org/b/isbn/1578511402-M.jpg,https://covers.openlibrary.org/b/isbn/1578511402-S.jpg,,,https://x.com/search?q=from%3Apatrickcollison+The+Monk+and+the+Riddle&src=typed_query,,,,https://openlibrary.org/isbn/1578511402,http://amazon.com/dp/1578511402
The Bounty,,,067003133X,,0,,,,read,The True Story of the Mutiny on the Bounty,,,,,,,,,,,,,,https://x.com/search?q=from%3Apatrickcollison+The+Bounty&src=typed_query,,,,https://openlibrary.org/search?q=067003133X,http://amazon.com/dp/067003133X
Dealers of Lightning,,,0887308910,,4,,https://covers.openlibrary.org/b/isbn/0887308910-L.jpg,,highly-recommended,Xerox PARC and the Dawn of the Computer Age,,,,,,,,,https://covers.openlibrary.org/b/isbn/0887308910-L.jpg,https://covers.openlibrary.org/b/isbn/0887308910-M.jpg,https://covers.openlibrary.org/b/isbn/0887308910-S.jpg,,,https://x.com/search?q=from%3Apatrickcollison+Dealers+of+Lightning&src=typed_query,,,,https://openlibrary.org/isbn/0887308910,http://amazon.com/dp/0887308910
Feynman Lectures on Computation,,,0201489910,,4,,https://covers.openlibrary.org/b/isbn/0201489910-L.jpg,,highly-recommended,,,,,,,,,,https://covers.openlibrary.org/b/isbn/0201489910-L.jpg,https://covers.openlibrary.org/b/isbn/0201489910-M.jpg,https://covers.openlibrary.org/b/isbn/0201489910-S.jpg,,,https://x.com/search?q=from%3Apatrickcollison+Feynman+Lectures+on+Computation&src=typed_query,,,,https://openlibrary.org/isbn/0201489910,http://amazon.com/dp/0201489910
Hire With Your Head,,,0470128356,,0,,https://covers.openlibrary.org/b/isbn/0470128356-L.jpg,,read,Using Performance-Based Hiring to Build Great Team,,,,,,,,,https://covers.openlibrary.org/b/isbn/0470128356-L.jpg,https://covers.openlibrary.org/b/isbn/0470128356-M.jpg,https://covers.openlibrary.org/b/isbn/0470128356-S.jpg,,,https://x.com/search?q=from%3Apatrickcollison+Hire+With+Your+Head&src=typed_query,,,,https://openlibrary.org/isbn/0470128356,http://amazon.com/dp/0470128356
Master and Commander (Vol. Book 1) (Aubrey/Maturin Novels),,,0393037010,,0,,https://covers.openlibrary.org/b/isbn/0393037010-L.jpg,,read,,,,,,,,,,https://covers.openlibrary.org/b/isbn/0393037010-L.jpg,https://covers.openlibrary.org/b/isbn/0393037010-M.jpg,https://covers.openlibrary.org/b/isbn/0393037010-S.jpg,,,https://x.com/search?q=from%3Apatrickcollison+Master+and+Commander+Vol+Book+1+AubreyMaturin+Novels&src=typed_query,,,,https://openlibrary.org/isbn/0393037010,http://amazon.com/dp/0393037010
Upstart,,,1848891237,,0,,https://covers.openlibrary.org/b/isbn/1848891237-L.jpg,,read,"Friends, Foes & Founding a University",,,,,,,,,https://covers.openlibrary.org/b/isbn/1848891237-L.jpg,https://covers.openlibrary.org/b/isbn/1848891237-M.jpg,https://covers.openlibrary.org/b/isbn/1848891237-S.jpg,,,https://x.com/search?q=from%3Apatrickcollison+Upstart&src=typed_query,,,,https://openlibrary.org/isbn/1848891237,http://amazon.com/dp/1848891237
Structure and Interpretation of Classical Mechanics,,,0262194554,,4,,https://covers.openlibrary.org/b/isbn/0262194554-L.jpg,,highly-recommended,,,,,,,,,,https://covers.openlibrary.org/b/isbn/0262194554-L.jpg,https://covers.openlibrary.org/b/isbn/0262194554-M.jpg,https://covers.openlibrary.org/b/isbn/0262194554-S.jpg,,,https://x.com/search?q=from%3Apatrickcollison+Structure+and+Interpretation+of+Classical+Mechanics&src=typed_query,,,,https://openlibrary.org/isbn/0262194554,http://amazon.com/dp/0262194554
Structure and Interpretation of Computer Programs,,,0262510871,,0,,https://covers.openlibrary.org/b/isbn/0262510871-L.jpg,,read,,,,,,,,,,https://covers.openlibrary.org/b/isbn/0262510871-L.jpg,https://covers.openlibrary.org/b/isbn/0262510871-M.jpg,https://covers.openlibrary.org/b/isbn/0262510871-S.jpg,,,https://x.com/search?q=from%3Apatrickcollison+Structure+and+Interpretation+of+Computer+Programs&src=typed_query,,,,https://openlibrary.org/isbn/0262510871,http://amazon.com/dp/0262510871
Skeletons on the Zahara,,,0316835145,,0,,https://covers.openlibrary.org/b/isbn/0316835145-L.jpg,,read,A True Story of Survival,,,,,,,,,https://covers.openlibrary.org/b/isbn/0316835145-L.jpg,https://covers.openlibrary.org/b/isbn/0316835145-M.jpg,https://covers.openlibrary.org/b/isbn/0316835145-S.jpg,,,https://x.com/search?q=from%3Apatrickcollison+Skeletons+on+the+Zahara&src=typed_query,,,,https://openlibrary.org/isbn/0316835145,http://amazon.com/dp/0316835145
Complications,,,0805063196,,0,,https://covers.openlibrary.org/b/isbn/0805063196-L.jpg,,read,A Surgeon's Notes on an Imperfect Science,,,,,,,,,https://covers.openlibrary.org/b/isbn/0805063196-L.jpg,https://covers.openlibrary.org/b/isbn/0805063196-M.jpg,https://covers.openlibrary.org/b/isbn/0805063196-S.jpg,,,https://x.com/search?q=from%3Apatrickcollison+Complications&src=typed_query,,,,https://openlibrary.org/isbn/0805063196,http://amazon.com/dp/0805063196
No One a Neutral,,,0939427591,,0,,https://covers.openlibrary.org/b/isbn/0939427591-L.jpg,,read,Political Hostage-Taking in the Modern World,,,,,,,,,https://covers.openlibrary.org/b/isbn/0939427591-L.jpg,https://covers.openlibrary.org/b/isbn/0939427591-M.jpg,https://covers.openlibrary.org/b/isbn/0939427591-S.jpg,,,https://x.com/search?q=from%3Apatrickcollison+No+One+a+Neutral&src=typed_query,,,,https://openlibrary.org/isbn/0939427591,http://amazon.com/dp/0939427591
The Art of Doing Science and Engineering,,,9056995014,,5,,https://covers.openlibrary.org/b/isbn/9056995014-L.jpg,,favorites,,,,,,,,,,https://covers.openlibrary.org/b/isbn/9056995014-L.jpg,https://covers.openlibrary.org/b/isbn/9056995014-M.jpg,https://covers.openlibrary.org/b/isbn/9056995014-S.jpg,,,https://x.com/search?q=from%3Apatrickcollison+The+Art+of+Doing+Science+and+Engineering&src=typed_query,,,,https://openlibrary.org/isbn/9056995014,http://amazon.com/dp/9056995014
The Department of Mad Scientists,,,B00CMX3IO8,,0,,,,read,"How DARPA Is Remaking Our World, from the Internet to Artificial Limbs [Hardcover] [2009] Michael Belfiore",,,,,,,,,,,,,,https://x.com/search?q=from%3Apatrickcollison+The+Department+of+Mad+Scientists&src=typed_query,,,,https://openlibrary.org/search?q=B00CMX3IO8,http://amazon.com/dp/B00CMX3IO8
The Chosen Instrument,,,0671224646,,0,,https://covers.openlibrary.org/b/isbn/0671224646-L.jpg,,read,"Pan Am, Juan Trippe, The Rise and Fall of an American Entrepreneur",,,,,,,,,https://covers.openlibrary.org/b/isbn/0671224646-L.jpg,https://covers.openlibrary.org/b/isbn/0671224646-M.jpg,https://covers.openlibrary.org/b/isbn/0671224646-S.jpg,,,https://x.com/search?q=from%3Apatrickcollison+The+Chosen+Instrument&src=typed_query,,,,https://openlibrary.org/isbn/0671224646,http://amazon.com/dp/0671224646
Technics and Civilization,,,0710018703,,4,,https://covers.openlibrary.org/b/isbn/0710018703-L.jpg,,highly-recommended,,,,,,,,,,https://covers.openlibrary.org/b/isbn/0710018703-L.jpg,https://covers.openlibrary.org/b/isbn/0710018703-M.jpg,https://covers.openlibrary.org/b/isbn/0710018703-S.jpg,,,https://x.com/search?q=from%3Apatrickcollison+Technics+and+Civilization&src=typed_query,,,,https://openlibrary.org/isbn/0710018703,http://amazon.com/dp/0710018703
"Logic & Design in Art, Science, and Mathematics",,,155821268X,,0,,,,read,,,,,,,,,,,,,,,https://x.com/search?q=from%3Apatrickcollison+Logic++Design+in+Art+Science+and+Mathematics&src=typed_query,,,,https://openlibrary.org/search?q=155821268X,http://amazon.com/dp/155821268X
Bicycle Design,,,0262026759,,0,,https://covers.openlibrary.org/b/isbn/0262026759-L.jpg,,read,An Illustrated History,,,,,,,,,https://covers.openlibrary.org/b/isbn/0262026759-L.jpg,https://covers.openlibrary.org/b/isbn/0262026759-M.jpg,https://covers.openlibrary.org/b/isbn/0262026759-S.jpg,,,https://x.com/search?q=from%3Apatrickcollison+Bicycle+Design&src=typed_query,,,,https://openlibrary.org/isbn/0262026759,http://amazon.com/dp/0262026759
Lapham's Quarterly,,,0615303366,,0,,https://covers.openlibrary.org/b/isbn/0615303366-L.jpg,,read,Crimes & Punishments (4 Volumes),,,,,,,,,https://covers.openlibrary.org/b/isbn/0615303366-L.jpg,https://covers.openlibrary.org/b/isbn/0615303366-M.jpg,https://covers.openlibrary.org/b/isbn/0615303366-S.jpg,,,https://x.com/search?q=from%3Apatrickcollison+Laphams+Quarterly&src=typed_query,,,,https://openlibrary.org/isbn/0615303366,http://amazon.com/dp/0615303366
Payments Systems in the U.S.,,,098278970X,,0,,,,read,,,,,,,,,,,,,,,https://x.com/search?q=from%3Apatrickcollison+Payments+Systems+in+the+US&src=typed_query,,,,https://openlibrary.org/search?q=098278970X,http://amazon.com/dp/098278970X
The New Drawing on the Right Side of the Brain,,,0874774241,,0,,https://covers.openlibrary.org/b/isbn/0874774241-L.jpg,,read,,,,,,,,,,https://covers.openlibrary.org/b/isbn/0874774241-L.jpg,https://covers.openlibrary.org/b/isbn/0874774241-M.jpg,https://covers.openlibrary.org/b/isbn/0874774241-S.jpg,,,https://x.com/search?q=from%3Apatrickcollison+The+New+Drawing+on+the+Right+Side+of+the+Brain&src=typed_query,,,,https://openlibrary.org/isbn/0874774241,http://amazon.com/dp/0874774241
A Thousand Hills,,,0470120150,,0,,https://covers.openlibrary.org/b/isbn/0470120150-L.jpg,,read,Rwanda's Rebirth and the Man Who Dreamed It 1st Edition,,,,,,,,,https://covers.openlibrary.org/b/isbn/0470120150-L.jpg,https://covers.openlibrary.org/b/isbn/0470120150-M.jpg,https://covers.openlibrary.org/b/isbn/0470120150-S.jpg,,,https://x.com/search?q=from%3Apatrickcollison+A+Thousand+Hills&src=typed_query,,,,https://openlibrary.org/isbn/0470120150,http://amazon.com/dp/0470120150
Electricity and Magnetism,,,0070049084,,0,,https://covers.openlibrary.org/b/isbn/0070049084-L.jpg,,read,"Berkeley Physics Course, Vol. 2",,,,,,,,,https://covers.openlibrary.org/b/isbn/0070049084-L.jpg,https://covers.openlibrary.org/b/isbn/0070049084-M.jpg,https://covers.openlibrary.org/b/isbn/0070049084-S.jpg,,,https://x.com/search?q=from%3Apatrickcollison+Electricity+and+Magnetism&src=typed_query,,,,https://openlibrary.org/isbn/0070049084,http://amazon.com/dp/0070049084
A Piece of the Action,,,0671667564,,0,,https://covers.openlibrary.org/b/isbn/0671667564-L.jpg,,read,How the Middle Class Joined the Money Class,,,,,,,,,https://covers.openlibrary.org/b/isbn/0671667564-L.jpg,https://covers.openlibrary.org/b/isbn/0671667564-M.jpg,https://covers.openlibrary.org/b/isbn/0671667564-S.jpg,,,https://x.com/search?q=from%3Apatrickcollison+A+Piece+of+the+Action&src=typed_query,,,,https://openlibrary.org/isbn/0671667564,http://amazon.com/dp/0671667564
The Chip,,,0671453939,,4,,https://covers.openlibrary.org/b/isbn/0671453939-L.jpg,,highly-recommended,How Two Americans Invented the Microchip and Launched a Revolution,,,,,,,,,https://covers.openlibrary.org/b/isbn/0671453939-L.jpg,https://covers.openlibrary.org/b/isbn/0671453939-M.jpg,https://covers.openlibrary.org/b/isbn/0671453939-S.jpg,,,https://x.com/search?q=from%3Apatrickcollison+The+Chip&src=typed_query,,,,https://openlibrary.org/isbn/0671453939,http://amazon.com/dp/0671453939
Mathematics,,,0486409163,,0,,https://covers.openlibrary.org/b/isbn/0486409163-L.jpg,,read,"Its Content, Methods and Meaning",,,,,,,,,https://covers.openlibrary.org/b/isbn/0486409163-L.jpg,https://covers.openlibrary.org/b/isbn/0486409163-M.jpg,https://covers.openlibrary.org/b/isbn/0486409163-S.jpg,,,https://x.com/search?q=from%3Apatrickcollison+Mathematics&src=typed_query,,,,https://openlibrary.org/isbn/0486409163,http://amazon.com/dp/0486409163
The Wealth of Networks,,,0300110561,,0,,https://covers.openlibrary.org/b/isbn/0300110561-L.jpg,,read,How Social Production Transforms Markets and Freedom,,,,,,,,,https://covers.openlibrary.org/b/isbn/0300110561-L.jpg,https://covers.openlibrary.org/b/isbn/0300110561-M.jpg,https://covers.openlibrary.org/b/isbn/0300110561-S.jpg,,,https://x.com/search?q=from%3Apatrickcollison+The+Wealth+of+Networks&src=typed_query,,,,https://openlibrary.org/isbn/0300110561,http://amazon.com/dp/0300110561
Bradbury Stories,,,0060544880,,0,,https://covers.openlibrary.org/b/isbn/0060544880-L.jpg,,read,100 of His Most Celebrated Tales,,,,,,,,,https://covers.openlibrary.org/b/isbn/0060544880-L.jpg,https://covers.openlibrary.org/b/isbn/0060544880-M.jpg,https://covers.openlibrary.org/b/isbn/0060544880-S.jpg,,,https://x.com/search?q=from%3Apatrickcollison+Bradbury+Stories&src=typed_query,,,,https://openlibrary.org/isbn/0060544880,http://amazon.com/dp/0060544880
Slack,,,076790768X,,0,,,,read,"Getting Past Burnout, Busywork, and the Myth of Total Efficiency",,,,,,,,,,,,,,https://x.com/search?q=from%3Apatrickcollison+Slack&src=typed_query,,,,https://openlibrary.org/search?q=076790768X,http://amazon.com/dp/076790768X
The Inmates Are Running the Asylum,,,0672316498,,0,,https://covers.openlibrary.org/b/isbn/0672316498-L.jpg,,read,,,,,,,,,,https://covers.openlibrary.org/b/isbn/0672316498-L.jpg,https://covers.openlibrary.org/b/isbn/0672316498-M.jpg,https://covers.openlibrary.org/b/isbn/0672316498-S.jpg,,,https://x.com/search?q=from%3Apatrickcollison+The+Inmates+Are+Running+the+Asylum&src=typed_query,,,,https://openlibrary.org/isbn/0672316498,http://amazon.com/dp/0672316498
Exploratory Data Analysis,,,B001DLPCF8,,0,,,,read,,,,,,,,,,,,,,,https://x.com/search?q=from%3Apatrickcollison+Exploratory+Data+Analysis&src=typed_query,,,,https://openlibrary.org/search?q=B001DLPCF8,http://amazon.com/dp/B001DLPCF8
East African,,,1873203225,,0,,https://covers.openlibrary.org/b/isbn/1873203225-L.jpg,,read,An Airline Story,,,,,,,,,https://covers.openlibrary.org/b/isbn/1873203225-L.jpg,https://covers.openlibrary.org/b/isbn/1873203225-M.jpg,https://covers.openlibrary.org/b/isbn/1873203225-S.jpg,,,https://x.com/search?q=from%3Apatrickcollison+East+African&src=typed_query,,,,https://openlibrary.org/isbn/1873203225,http://amazon.com/dp/1873203225
The thirty years war,,,B0006PIFUG,,0,,,,read,,,,,,,,,,,,,,,https://x.com/search?q=from%3Apatrickcollison+The+thirty+years+war&src=typed_query,,,,https://openlibrary.org/search?q=B0006PIFUG,http://amazon.com/dp/B0006PIFUG
China Takes Off,,,0295962984,,0,,https://covers.openlibrary.org/b/isbn/0295962984-L.jpg,,read,Technology Transfer and Modernization,,,,,,,,,https://covers.openlibrary.org/b/isbn/0295962984-L.jpg,https://covers.openlibrary.org/b/isbn/0295962984-M.jpg,https://covers.openlibrary.org/b/isbn/0295962984-S.jpg,,,https://x.com/search?q=from%3Apatrickcollison+China+Takes+Off&src=typed_query,,,,https://openlibrary.org/isbn/0295962984,http://amazon.com/dp/0295962984
Longitude,,,0802713122,,4,,https://covers.openlibrary.org/b/isbn/0802713122-L.jpg,,highly-recommended,The True Story of a Lone Genius Who Solved the Greatest Scientific Problem of His Time,,,,,,,,,https://covers.openlibrary.org/b/isbn/0802713122-L.jpg,https://covers.openlibrary.org/b/isbn/0802713122-M.jpg,https://covers.openlibrary.org/b/isbn/0802713122-S.jpg,,,https://x.com/search?q=from%3Apatrickcollison+Longitude&src=typed_query,,,,https://openlibrary.org/isbn/0802713122,http://amazon.com/dp/0802713122
New hopes for a changing world,,,B0006BUKS0,,0,,,,read,,,,,,,,,,,,,,,https://x.com/search?q=from%3Apatrickcollison+New+hopes+for+a+changing+world&src=typed_query,,,,https://openlibrary.org/search?q=B0006BUKS0,http://amazon.com/dp/B0006BUKS0
Has Man A Future?,,,0671299859,,0,,https://covers.openlibrary.org/b/isbn/0671299859-L.jpg,,read,,,,,,,,,,https://covers.openlibrary.org/b/isbn/0671299859-L.jpg,https://covers.openlibrary.org/b/isbn/0671299859-M.jpg,https://covers.openlibrary.org/b/isbn/0671299859-S.jpg,,,https://x.com/search?q=from%3Apatrickcollison+Has+Man+A+Future&src=typed_query,,,,https://openlibrary.org/isbn/0671299859,http://amazon.com/dp/0671299859
The Book of Disquiet (Serpent's Tail Classics),,,1846687357,,0,,https://covers.openlibrary.org/b/isbn/1846687357-L.jpg,,read,,,,,,,,,,https://covers.openlibrary.org/b/isbn/1846687357-L.jpg,https://covers.openlibrary.org/b/isbn/1846687357-M.jpg,https://covers.openlibrary.org/b/isbn/1846687357-S.jpg,,,https://x.com/search?q=from%3Apatrickcollison+The+Book+of+Disquiet+Serpents+Tail+Classics&src=typed_query,,,,https://openlibrary.org/isbn/1846687357,http://amazon.com/dp/1846687357
What Technology Wants,,,0143120174,,0,,https://covers.openlibrary.org/b/isbn/0143120174-L.jpg,,read,,,,,,,,,,https://covers.openlibrary.org/b/isbn/0143120174-L.jpg,https://covers.openlibrary.org/b/isbn/0143120174-M.jpg,https://covers.openlibrary.org/b/isbn/0143120174-S.jpg,,,https://x.com/search?q=from%3Apatrickcollison+What+Technology+Wants&src=typed_query,,,,https://openlibrary.org/isbn/0143120174,http://amazon.com/dp/0143120174
How to Survive in Your Native Land,,,0671208640,,0,,https://covers.openlibrary.org/b/isbn/0671208640-L.jpg,,read,,,,,,,,,,https://covers.openlibrary.org/b/isbn/0671208640-L.jpg,https://covers.openlibrary.org/b/isbn/0671208640-M.jpg,https://covers.openlibrary.org/b/isbn/0671208640-S.jpg,,,https://x.com/search?q=from%3Apatrickcollison+How+to+Survive+in+Your+Native+Land&src=typed_query,,,,https://openlibrary.org/isbn/0671208640,http://amazon.com/dp/0671208640
The Accidental Theorist,,,0393046389,,0,,https://covers.openlibrary.org/b/isbn/0393046389-L.jpg,,read,And Other Dispatches from the Dismal Science,,,,,,,,,https://covers.openlibrary.org/b/isbn/0393046389-L.jpg,https://covers.openlibrary.org/b/isbn/0393046389-M.jpg,https://covers.openlibrary.org/b/isbn/0393046389-S.jpg,,,https://x.com/search?q=from%3Apatrickcollison+The+Accidental+Theorist&src=typed_query,,,,https://openlibrary.org/isbn/0393046389,http://amazon.com/dp/0393046389
Unknown Quantity,,,0452288533,,0,,https://covers.openlibrary.org/b/isbn/0452288533-L.jpg,,read,A Real and Imaginary History of Algebra,,,,,,,,,https://covers.openlibrary.org/b/isbn/0452288533-L.jpg,https://covers.openlibrary.org/b/isbn/0452288533-M.jpg,https://covers.openlibrary.org/b/isbn/0452288533-S.jpg,,,https://x.com/search?q=from%3Apatrickcollison+Unknown+Quantity&src=typed_query,,,,https://openlibrary.org/isbn/0452288533,http://amazon.com/dp/0452288533
Flying IFR,,,1560273852,,0,,https://covers.openlibrary.org/b/isbn/1560273852-L.jpg,,read,The Practical Information You Need to Fly Actual IFR Flights (General Aviation Reading series),,,,,,,,,https://covers.openlibrary.org/b/isbn/1560273852-L.jpg,https://covers.openlibrary.org/b/isbn/1560273852-M.jpg,https://covers.openlibrary.org/b/isbn/1560273852-S.jpg,,,https://x.com/search?q=from%3Apatrickcollison+Flying+IFR&src=typed_query,,,,https://openlibrary.org/isbn/1560273852,http://amazon.com/dp/1560273852
Immigrants,,,0316732486,,0,,https://covers.openlibrary.org/b/isbn/0316732486-L.jpg,,read,Your Country Needs Them,,,,,,,,,https://covers.openlibrary.org/b/isbn/0316732486-L.jpg,https://covers.openlibrary.org/b/isbn/0316732486-M.jpg,https://covers.openlibrary.org/b/isbn/0316732486-S.jpg,,,https://x.com/search?q=from%3Apatrickcollison+Immigrants&src=typed_query,,,,https://openlibrary.org/isbn/0316732486,http://amazon.com/dp/0316732486
Plagues and Peoples,,,0385121229,,4,,https://covers.openlibrary.org/b/isbn/0385121229-L.jpg,,highly-recommended,,,,,,,,,,https://covers.openlibrary.org/b/isbn/0385121229-L.jpg,https://covers.openlibrary.org/b/isbn/0385121229-M.jpg,https://covers.openlibrary.org/b/isbn/0385121229-S.jpg,,,https://x.com/search?q=from%3Apatrickcollison+Plagues+and+Peoples&src=typed_query,,,,https://openlibrary.org/isbn/0385121229,http://amazon.com/dp/0385121229
"First, Break All the Rules",,,0684852861,,0,,https://covers.openlibrary.org/b/isbn/0684852861-L.jpg,,read,What the World's Greatest Managers Do Differently,,,,,,,,,https://covers.openlibrary.org/b/isbn/0684852861-L.jpg,https://covers.openlibrary.org/b/isbn/0684852861-M.jpg,https://covers.openlibrary.org/b/isbn/0684852861-S.jpg,,,https://x.com/search?q=from%3Apatrickcollison+First+Break+All+the+Rules&src=typed_query,,,,https://openlibrary.org/isbn/0684852861,http://amazon.com/dp/0684852861
Tap Dancing to Work,,,1591845734,,0,,https://covers.openlibrary.org/b/isbn/1591845734-L.jpg,,read,"Warren Buffett on Practically Everything, 1966-2012: A Fortune Magazine Book",,,,,,,,,https://covers.openlibrary.org/b/isbn/1591845734-L.jpg,https://covers.openlibrary.org/b/isbn/1591845734-M.jpg,https://covers.openlibrary.org/b/isbn/1591845734-S.jpg,,,https://x.com/search?q=from%3Apatrickcollison+Tap+Dancing+to+Work&src=typed_query,,,,https://openlibrary.org/isbn/1591845734,http://amazon.com/dp/1591845734
FAR/AIM 2013,,,1560279273,,0,,https://covers.openlibrary.org/b/isbn/1560279273-L.jpg,,read,Federal Aviation Regulations/Aeronautical Information Manual (FAR/AIM series),,,,,,,,,https://covers.openlibrary.org/b/isbn/1560279273-L.jpg,https://covers.openlibrary.org/b/isbn/1560279273-M.jpg,https://covers.openlibrary.org/b/isbn/1560279273-S.jpg,,,https://x.com/search?q=from%3Apatrickcollison+FARAIM+2013&src=typed_query,,,,https://openlibrary.org/isbn/1560279273,http://amazon.com/dp/1560279273
Practical Common Lisp,,,1590592395,,0,,https://covers.openlibrary.org/b/isbn/1590592395-L.jpg,,read,,,,,,,,,,https://covers.openlibrary.org/b/isbn/1590592395-L.jpg,https://covers.openlibrary.org/b/isbn/1590592395-M.jpg,https://covers.openlibrary.org/b/isbn/1590592395-S.jpg,,,https://x.com/search?q=from%3Apatrickcollison+Practical+Common+Lisp&src=typed_query,,,,https://openlibrary.org/isbn/1590592395,http://amazon.com/dp/1590592395
The Internet of Elsewhere,,,0813549620,,0,,https://covers.openlibrary.org/b/isbn/0813549620-L.jpg,,read,The Emergent Effects of a Wired World,,,,,,,,,https://covers.openlibrary.org/b/isbn/0813549620-L.jpg,https://covers.openlibrary.org/b/isbn/0813549620-M.jpg,https://covers.openlibrary.org/b/isbn/0813549620-S.jpg,,,https://x.com/search?q=from%3Apatrickcollison+The+Internet+of+Elsewhere&src=typed_query,,,,https://openlibrary.org/isbn/0813549620,http://amazon.com/dp/0813549620
The Scramble for Africa,,,0394515765,,4,,https://covers.openlibrary.org/b/isbn/0394515765-L.jpg,,highly-recommended,White Man's Conquest of the Dark Continent from 1876 to 1912,,,,,,,,,https://covers.openlibrary.org/b/isbn/0394515765-L.jpg,https://covers.openlibrary.org/b/isbn/0394515765-M.jpg,https://covers.openlibrary.org/b/isbn/0394515765-S.jpg,,,https://x.com/search?q=from%3Apatrickcollison+The+Scramble+for+Africa&src=typed_query,,,,https://openlibrary.org/isbn/0394515765,http://amazon.com/dp/0394515765
Max Trescott's G1000 Glass Cockpit Handbook with WAAS 4th Edition,,,097770307X,,0,,,,read,,,,,,,,,,,,,,,https://x.com/search?q=from%3Apatrickcollison+Max+Trescotts+G1000+Glass+Cockpit+Handbook+with+WAAS+4th+Edi&src=typed_query,,,,https://openlibrary.org/search?q=097770307X,http://amazon.com/dp/097770307X
Garbage Collection,,,0471941484,,0,,https://covers.openlibrary.org/b/isbn/0471941484-L.jpg,,read,Algorithms for Automatic Dynamic Memory Management,,,,,,,,,https://covers.openlibrary.org/b/isbn/0471941484-L.jpg,https://covers.openlibrary.org/b/isbn/0471941484-M.jpg,https://covers.openlibrary.org/b/isbn/0471941484-S.jpg,,,https://x.com/search?q=from%3Apatrickcollison+Garbage+Collection&src=typed_query,,,,https://openlibrary.org/isbn/0471941484,http://amazon.com/dp/0471941484
In Our Time,,,1847248365,,0,,https://covers.openlibrary.org/b/isbn/1847248365-L.jpg,,read,Speeches That Shaped the Modern World,,,,,,,,,https://covers.openlibrary.org/b/isbn/1847248365-L.jpg,https://covers.openlibrary.org/b/isbn/1847248365-M.jpg,https://covers.openlibrary.org/b/isbn/1847248365-S.jpg,,,https://x.com/search?q=from%3Apatrickcollison+In+Our+Time&src=typed_query,,,,https://openlibrary.org/isbn/1847248365,http://amazon.com/dp/1847248365
The Startup Owner's Manual,,,0984999302,,0,,https://covers.openlibrary.org/b/isbn/0984999302-L.jpg,,read,The Step-By-Step Guide for Building a Great Company,,,,,,,,,https://covers.openlibrary.org/b/isbn/0984999302-L.jpg,https://covers.openlibrary.org/b/isbn/0984999302-M.jpg,https://covers.openlibrary.org/b/isbn/0984999302-S.jpg,,,https://x.com/search?q=from%3Apatrickcollison+The+Startup+Owners+Manual&src=typed_query,,,,https://openlibrary.org/isbn/0984999302,http://amazon.com/dp/0984999302
Lincoln,,,0060773367,,0,,https://covers.openlibrary.org/b/isbn/0060773367-L.jpg,,read,The Biography of a Writer,,,,,,,,,https://covers.openlibrary.org/b/isbn/0060773367-L.jpg,https://covers.openlibrary.org/b/isbn/0060773367-M.jpg,https://covers.openlibrary.org/b/isbn/0060773367-S.jpg,,,https://x.com/search?q=from%3Apatrickcollison+Lincoln&src=typed_query,,,,https://openlibrary.org/isbn/0060773367,http://amazon.com/dp/0060773367
Racing Weight,,,1934030511,,0,,https://covers.openlibrary.org/b/isbn/1934030511-L.jpg,,read,How to Get Lean for Peak Performance,,,,,,,,,https://covers.openlibrary.org/b/isbn/1934030511-L.jpg,https://covers.openlibrary.org/b/isbn/1934030511-M.jpg,https://covers.openlibrary.org/b/isbn/1934030511-S.jpg,,,https://x.com/search?q=from%3Apatrickcollison+Racing+Weight&src=typed_query,,,,https://openlibrary.org/isbn/1934030511,http://amazon.com/dp/1934030511
Introduction to Common Lisp,,,0127748601,,0,,https://covers.openlibrary.org/b/isbn/0127748601-L.jpg,,read,,,,,,,,,,https://covers.openlibrary.org/b/isbn/0127748601-L.jpg,https://covers.openlibrary.org/b/isbn/0127748601-M.jpg,https://covers.openlibrary.org/b/isbn/0127748601-S.jpg,,,https://x.com/search?q=from%3Apatrickcollison+Introduction+to+Common+Lisp&src=typed_query,,,,https://openlibrary.org/isbn/0127748601,http://amazon.com/dp/0127748601
The American Challenge,,,0689102461,,0,,https://covers.openlibrary.org/b/isbn/0689102461-L.jpg,,read,,,,,,,,,,https://covers.openlibrary.org/b/isbn/0689102461-L.jpg,https://covers.openlibrary.org/b/isbn/0689102461-M.jpg,https://covers.openlibrary.org/b/isbn/0689102461-S.jpg,,,https://x.com/search?q=from%3Apatrickcollison+The+American+Challenge&src=typed_query,,,,https://openlibrary.org/isbn/0689102461,http://amazon.com/dp/0689102461
Manhattan Project,,,0316329738,,0,,https://covers.openlibrary.org/b/isbn/0316329738-L.jpg,,read,The Untold Story of the Making of the Atomic Bomb,,,,,,,,,https://covers.openlibrary.org/b/isbn/0316329738-L.jpg,https://covers.openlibrary.org/b/isbn/0316329738-M.jpg,https://covers.openlibrary.org/b/isbn/0316329738-S.jpg,,,https://x.com/search?q=from%3Apatrickcollison+Manhattan+Project&src=typed_query,,,,https://openlibrary.org/isbn/0316329738,http://amazon.com/dp/0316329738
Angle of Attack,,,039301892X,,0,,,,read,Harrison Storms and the Race to the Moon,,,,,,,,,,,,,,https://x.com/search?q=from%3Apatrickcollison+Angle+of+Attack&src=typed_query,,,,https://openlibrary.org/search?q=039301892X,http://amazon.com/dp/039301892X
The Mechanical Bride,,,1584230509,,0,,https://covers.openlibrary.org/b/isbn/1584230509-L.jpg,,read,Folklore of Industrial Man,,,,,,,,,https://covers.openlibrary.org/b/isbn/1584230509-L.jpg,https://covers.openlibrary.org/b/isbn/1584230509-M.jpg,https://covers.openlibrary.org/b/isbn/1584230509-S.jpg,,,https://x.com/search?q=from%3Apatrickcollison+The+Mechanical+Bride&src=typed_query,,,,https://openlibrary.org/isbn/1584230509,http://amazon.com/dp/1584230509
A Pattern Language,,,0195019199,,5,,https://covers.openlibrary.org/b/isbn/0195019199-L.jpg,,favorites,"Towns, Buildings, Construction (Center for Environmental Structure)",,,,,,,,,https://covers.openlibrary.org/b/isbn/0195019199-L.jpg,https://covers.openlibrary.org/b/isbn/0195019199-M.jpg,https://covers.openlibrary.org/b/isbn/0195019199-S.jpg,,,https://x.com/search?q=from%3Apatrickcollison+A+Pattern+Language&src=typed_query,,,,https://openlibrary.org/isbn/0195019199,http://amazon.com/dp/0195019199
City of Thieves,,,0452295297,,0,,https://covers.openlibrary.org/b/isbn/0452295297-L.jpg,,read,A Novel,,,,,,,,,https://covers.openlibrary.org/b/isbn/0452295297-L.jpg,https://covers.openlibrary.org/b/isbn/0452295297-M.jpg,https://covers.openlibrary.org/b/isbn/0452295297-S.jpg,,,https://x.com/search?q=from%3Apatrickcollison+City+of+Thieves&src=typed_query,,,,https://openlibrary.org/isbn/0452295297,http://amazon.com/dp/0452295297
Marshall McLuhan,,,1935633163,,0,,https://covers.openlibrary.org/b/isbn/1935633163-L.jpg,,read,You Know Nothing of My Work!,,,,,,,,,https://covers.openlibrary.org/b/isbn/1935633163-L.jpg,https://covers.openlibrary.org/b/isbn/1935633163-M.jpg,https://covers.openlibrary.org/b/isbn/1935633163-S.jpg,,,https://x.com/search?q=from%3Apatrickcollison+Marshall+McLuhan&src=typed_query,,,,https://openlibrary.org/isbn/1935633163,http://amazon.com/dp/1935633163
An Evil Cradling,,,0091752086,,0,,https://covers.openlibrary.org/b/isbn/0091752086-L.jpg,,read,The Five-Year Ordeal of a Hostage,,,,,,,,,https://covers.openlibrary.org/b/isbn/0091752086-L.jpg,https://covers.openlibrary.org/b/isbn/0091752086-M.jpg,https://covers.openlibrary.org/b/isbn/0091752086-S.jpg,,,https://x.com/search?q=from%3Apatrickcollison+An+Evil+Cradling&src=typed_query,,,,https://openlibrary.org/isbn/0091752086,http://amazon.com/dp/0091752086
Purely Functional Data Structures,,,0521663504,,0,,https://covers.openlibrary.org/b/isbn/0521663504-L.jpg,,read,,,,,,,,,,https://covers.openlibrary.org/b/isbn/0521663504-L.jpg,https://covers.openlibrary.org/b/isbn/0521663504-M.jpg,https://covers.openlibrary.org/b/isbn/0521663504-S.jpg,,,https://x.com/search?q=from%3Apatrickcollison+Purely+Functional+Data+Structures&src=typed_query,,,,https://openlibrary.org/isbn/0521663504,http://amazon.com/dp/0521663504
Future Perfect,,,1594488207,,0,,https://covers.openlibrary.org/b/isbn/1594488207-L.jpg,,read,The Case For Progress In A Networked Age,,,,,,,,,https://covers.openlibrary.org/b/isbn/1594488207-L.jpg,https://covers.openlibrary.org/b/isbn/1594488207-M.jpg,https://covers.openlibrary.org/b/isbn/1594488207-S.jpg,,,https://x.com/search?q=from%3Apatrickcollison+Future+Perfect&src=typed_query,,,,https://openlibrary.org/isbn/1594488207,http://amazon.com/dp/1594488207
What the Dormouse Said,,,0670033820,,0,,https://covers.openlibrary.org/b/isbn/0670033820-L.jpg,,read,How the 60s Counterculture Shaped the Personal Computer,,,,,,,,,https://covers.openlibrary.org/b/isbn/0670033820-L.jpg,https://covers.openlibrary.org/b/isbn/0670033820-M.jpg,https://covers.openlibrary.org/b/isbn/0670033820-S.jpg,,,https://x.com/search?q=from%3Apatrickcollison+What+the+Dormouse+Said&src=typed_query,,,,https://openlibrary.org/isbn/0670033820,http://amazon.com/dp/0670033820
Life Stories,,,0375757511,,0,,https://covers.openlibrary.org/b/isbn/0375757511-L.jpg,,read,Profiles from The New Yorker (Modern Library Paperbacks),,,,,,,,,https://covers.openlibrary.org/b/isbn/0375757511-L.jpg,https://covers.openlibrary.org/b/isbn/0375757511-M.jpg,https://covers.openlibrary.org/b/isbn/0375757511-S.jpg,,,https://x.com/search?q=from%3Apatrickcollison+Life+Stories&src=typed_query,,,,https://openlibrary.org/isbn/0375757511,http://amazon.com/dp/0375757511
The Theoretical Minimum,,,0465075681,,0,,https://covers.openlibrary.org/b/isbn/0465075681-L.jpg,,read,What You Need to Know to Start Doing Physics,,,,,,,,,https://covers.openlibrary.org/b/isbn/0465075681-L.jpg,https://covers.openlibrary.org/b/isbn/0465075681-M.jpg,https://covers.openlibrary.org/b/isbn/0465075681-S.jpg,,,https://x.com/search?q=from%3Apatrickcollison+The+Theoretical+Minimum&src=typed_query,,,,https://openlibrary.org/isbn/0465075681,http://amazon.com/dp/0465075681
The Arabs,,,B007TV0PJE,,4,,,,highly-recommended,A History,,,,,,,,,,,,,,https://x.com/search?q=from%3Apatrickcollison+The+Arabs&src=typed_query,,,,https://openlibrary.org/search?q=B007TV0PJE,http://amazon.com/dp/B007TV0PJE
The Second Machine Age,,,0393239357,,0,,https://covers.openlibrary.org/b/isbn/0393239357-L.jpg,,read,"Work, Progress, and Prosperity in a Time of Brilliant Technologies",,,,,,,,,https://covers.openlibrary.org/b/isbn/0393239357-L.jpg,https://covers.openlibrary.org/b/isbn/0393239357-M.jpg,https://covers.openlibrary.org/b/isbn/0393239357-S.jpg,,,https://x.com/search?q=from%3Apatrickcollison+The+Second+Machine+Age&src=typed_query,,,,https://openlibrary.org/isbn/0393239357,http://amazon.com/dp/0393239357
Understanding Comics,,,006097625X,,0,,,,read,The Invisible Art,,,,,,,,,,,,,,https://x.com/search?q=from%3Apatrickcollison+Understanding+Comics&src=typed_query,,,,https://openlibrary.org/search?q=006097625X,http://amazon.com/dp/006097625X
Engineers' Dreams,,,9997483219,,0,,https://covers.openlibrary.org/b/isbn/9997483219-L.jpg,,read,,,,,,,,,,https://covers.openlibrary.org/b/isbn/9997483219-L.jpg,https://covers.openlibrary.org/b/isbn/9997483219-M.jpg,https://covers.openlibrary.org/b/isbn/9997483219-S.jpg,,,https://x.com/search?q=from%3Apatrickcollison+Engineers+Dreams&src=typed_query,,,,https://openlibrary.org/isbn/9997483219,http://amazon.com/dp/9997483219
Computers and Society,,,0070285934,,0,,https://covers.openlibrary.org/b/isbn/0070285934-L.jpg,,read,,,,,,,,,,https://covers.openlibrary.org/b/isbn/0070285934-L.jpg,https://covers.openlibrary.org/b/isbn/0070285934-M.jpg,https://covers.openlibrary.org/b/isbn/0070285934-S.jpg,,,https://x.com/search?q=from%3Apatrickcollison+Computers+and+Society&src=typed_query,,,,https://openlibrary.org/isbn/0070285934,http://amazon.com/dp/0070285934
The Sun Also Rises (Scribner Classics),,,0684830515,,0,,https://covers.openlibrary.org/b/isbn/0684830515-L.jpg,,read,,,,,,,,,,https://covers.openlibrary.org/b/isbn/0684830515-L.jpg,https://covers.openlibrary.org/b/isbn/0684830515-M.jpg,https://covers.openlibrary.org/b/isbn/0684830515-S.jpg,,,https://x.com/search?q=from%3Apatrickcollison+The+Sun+Also+Rises+Scribner+Classics&src=typed_query,,,,https://openlibrary.org/isbn/0684830515,http://amazon.com/dp/0684830515
Airplane Performance Stability and Control,,,B000J2Z2H0,,0,,,,read,,,,,,,,,,,,,,,https://x.com/search?q=from%3Apatrickcollison+Airplane+Performance+Stability+and+Control&src=typed_query,,,,https://openlibrary.org/search?q=B000J2Z2H0,http://amazon.com/dp/B000J2Z2H0
Frame of government,,,B0007DYRLS,,0,,,,read,A book of documents,,,,,,,,,,,,,,https://x.com/search?q=from%3Apatrickcollison+Frame+of+government&src=typed_query,,,,https://openlibrary.org/search?q=B0007DYRLS,http://amazon.com/dp/B0007DYRLS
Wings,,,0393057674,,0,,https://covers.openlibrary.org/b/isbn/0393057674-L.jpg,,read,A History of Aviation from Kites to the space age,,,,,,,,,https://covers.openlibrary.org/b/isbn/0393057674-L.jpg,https://covers.openlibrary.org/b/isbn/0393057674-M.jpg,https://covers.openlibrary.org/b/isbn/0393057674-S.jpg,,,https://x.com/search?q=from%3Apatrickcollison+Wings&src=typed_query,,,,https://openlibrary.org/isbn/0393057674,http://amazon.com/dp/0393057674
An Autobiography,,,1508622736,,0,,https://covers.openlibrary.org/b/isbn/1508622736-L.jpg,,read,,,,,,,,,,https://covers.openlibrary.org/b/isbn/1508622736-L.jpg,https://covers.openlibrary.org/b/isbn/1508622736-M.jpg,https://covers.openlibrary.org/b/isbn/1508622736-S.jpg,,,https://x.com/search?q=from%3Apatrickcollison+An+Autobiography&src=typed_query,,,,https://openlibrary.org/isbn/1508622736,http://amazon.com/dp/1508622736
The Little Airplane,,,037581079X,,0,,,,read,,,,,,,,,,,,,,,https://x.com/search?q=from%3Apatrickcollison+The+Little+Airplane&src=typed_query,,,,https://openlibrary.org/search?q=037581079X,http://amazon.com/dp/037581079X
In Praise of Idleness,,,0415325064,,0,,https://covers.openlibrary.org/b/isbn/0415325064-L.jpg,,read,And Other Essays (Routledge Classics),,,,,,,,,https://covers.openlibrary.org/b/isbn/0415325064-L.jpg,https://covers.openlibrary.org/b/isbn/0415325064-M.jpg,https://covers.openlibrary.org/b/isbn/0415325064-S.jpg,,,https://x.com/search?q=from%3Apatrickcollison+In+Praise+of+Idleness&src=typed_query,,,,https://openlibrary.org/isbn/0415325064,http://amazon.com/dp/0415325064
Technological Revolutions and Financial Capital,,,1843763311,,0,,https://covers.openlibrary.org/b/isbn/1843763311-L.jpg,,read,The Dynamics of Bubbles and Golden Ages,,,,,,,,,https://covers.openlibrary.org/b/isbn/1843763311-L.jpg,https://covers.openlibrary.org/b/isbn/1843763311-M.jpg,https://covers.openlibrary.org/b/isbn/1843763311-S.jpg,,,https://x.com/search?q=from%3Apatrickcollison+Technological+Revolutions+and+Financial+Capital&src=typed_query,,,,https://openlibrary.org/isbn/1843763311,http://amazon.com/dp/1843763311
Quantum Field Theory for the Gifted Amateur,,,019969933X,,0,,,,read,,,,,,,,,,,,,,,https://x.com/search?q=from%3Apatrickcollison+Quantum+Field+Theory+for+the+Gifted+Amateur&src=typed_query,,,,https://openlibrary.org/search?q=019969933X,http://amazon.com/dp/019969933X
Moral Mazes,,,0199729883,,4,,https://covers.openlibrary.org/b/isbn/0199729883-L.jpg,,highly-recommended,The World of Corporate Managers,,,,,,,,,https://covers.openlibrary.org/b/isbn/0199729883-L.jpg,https://covers.openlibrary.org/b/isbn/0199729883-M.jpg,https://covers.openlibrary.org/b/isbn/0199729883-S.jpg,,,https://x.com/search?q=from%3Apatrickcollison+Moral+Mazes&src=typed_query,,,,https://openlibrary.org/isbn/0199729883,http://amazon.com/dp/0199729883
The Lunar Men,,,0374194408,,0,,https://covers.openlibrary.org/b/isbn/0374194408-L.jpg,,read,Five Friends Whose Curiosity Changed the World,,,,,,,,,https://covers.openlibrary.org/b/isbn/0374194408-L.jpg,https://covers.openlibrary.org/b/isbn/0374194408-M.jpg,https://covers.openlibrary.org/b/isbn/0374194408-S.jpg,,,https://x.com/search?q=from%3Apatrickcollison+The+Lunar+Men&src=typed_query,,,,https://openlibrary.org/isbn/0374194408,http://amazon.com/dp/0374194408
Paradigms of Artificial Intelligence Programming,,,1558601910,,5,,https://covers.openlibrary.org/b/isbn/1558601910-L.jpg,,favorites,Case Studies in Common Lisp,,,,,,,,,https://covers.openlibrary.org/b/isbn/1558601910-L.jpg,https://covers.openlibrary.org/b/isbn/1558601910-M.jpg,https://covers.openlibrary.org/b/isbn/1558601910-S.jpg,,,https://x.com/search?q=from%3Apatrickcollison+Paradigms+of+Artificial+Intelligence+Programming&src=typed_query,,,,https://openlibrary.org/isbn/1558601910,http://amazon.com/dp/1558601910
Land of Lisp,,,1593272812,,0,,https://covers.openlibrary.org/b/isbn/1593272812-L.jpg,,read,"Learn to Program in Lisp, One Game at a Time!",,,,,,,,,https://covers.openlibrary.org/b/isbn/1593272812-L.jpg,https://covers.openlibrary.org/b/isbn/1593272812-M.jpg,https://covers.openlibrary.org/b/isbn/1593272812-S.jpg,,,https://x.com/search?q=from%3Apatrickcollison+Land+of+Lisp&src=typed_query,,,,https://openlibrary.org/isbn/1593272812,http://amazon.com/dp/1593272812
Fluid Concepts And Creative Analogies,,,0465051545,,0,,https://covers.openlibrary.org/b/isbn/0465051545-L.jpg,,read,Computer Models Of The Fundamental Mechanisms Of Thought,,,,,,,,,https://covers.openlibrary.org/b/isbn/0465051545-L.jpg,https://covers.openlibrary.org/b/isbn/0465051545-M.jpg,https://covers.openlibrary.org/b/isbn/0465051545-S.jpg,,,https://x.com/search?q=from%3Apatrickcollison+Fluid+Concepts+And+Creative+Analogies&src=typed_query,,,,https://openlibrary.org/isbn/0465051545,http://amazon.com/dp/0465051545
Ghetto at the Center of the World,,,0226510204,,0,,https://covers.openlibrary.org/b/isbn/0226510204-L.jpg,,read,"Chungking Mansions, Hong Kong",,,,,,,,,https://covers.openlibrary.org/b/isbn/0226510204-L.jpg,https://covers.openlibrary.org/b/isbn/0226510204-M.jpg,https://covers.openlibrary.org/b/isbn/0226510204-S.jpg,,,https://x.com/search?q=from%3Apatrickcollison+Ghetto+at+the+Center+of+the+World&src=typed_query,,,,https://openlibrary.org/isbn/0226510204,http://amazon.com/dp/0226510204
The Ocean of Life,,,067002354X,,4,,,,highly-recommended,The Fate of Man and the Sea,,,,,,,,,,,,,,https://x.com/search?q=from%3Apatrickcollison+The+Ocean+of+Life&src=typed_query,,,,https://openlibrary.org/search?q=067002354X,http://amazon.com/dp/067002354X
Backpacking California,,,0899974465,,0,,https://covers.openlibrary.org/b/isbn/0899974465-L.jpg,,read,"Mountain, Foothill, Coastal and Desert Adventures in the Golden State",,,,,,,,,https://covers.openlibrary.org/b/isbn/0899974465-L.jpg,https://covers.openlibrary.org/b/isbn/0899974465-M.jpg,https://covers.openlibrary.org/b/isbn/0899974465-S.jpg,,,https://x.com/search?q=from%3Apatrickcollison+Backpacking+California&src=typed_query,,,,https://openlibrary.org/isbn/0899974465,http://amazon.com/dp/0899974465
The Educated Mind,,,0226190390,,4,,https://covers.openlibrary.org/b/isbn/0226190390-L.jpg,,highly-recommended,How Cognitive Tools Shape Our Understanding,,,,,,,,,https://covers.openlibrary.org/b/isbn/0226190390-L.jpg,https://covers.openlibrary.org/b/isbn/0226190390-M.jpg,https://covers.openlibrary.org/b/isbn/0226190390-S.jpg,,,https://x.com/search?q=from%3Apatrickcollison+The+Educated+Mind&src=typed_query,,,,https://openlibrary.org/isbn/0226190390,http://amazon.com/dp/0226190390
Technological Nature,,,0262113228,,0,,https://covers.openlibrary.org/b/isbn/0262113228-L.jpg,,read,Adaptation and the Future of Human Life,,,,,,,,,https://covers.openlibrary.org/b/isbn/0262113228-L.jpg,https://covers.openlibrary.org/b/isbn/0262113228-M.jpg,https://covers.openlibrary.org/b/isbn/0262113228-S.jpg,,,https://x.com/search?q=from%3Apatrickcollison+Technological+Nature&src=typed_query,,,,https://openlibrary.org/isbn/0262113228,http://amazon.com/dp/0262113228
Collective Electrodynamics,,,0262133784,,0,,https://covers.openlibrary.org/b/isbn/0262133784-L.jpg,,read,Quantum Foundations of Electromagnetism,,,,,,,,,https://covers.openlibrary.org/b/isbn/0262133784-L.jpg,https://covers.openlibrary.org/b/isbn/0262133784-M.jpg,https://covers.openlibrary.org/b/isbn/0262133784-S.jpg,,,https://x.com/search?q=from%3Apatrickcollison+Collective+Electrodynamics&src=typed_query,,,,https://openlibrary.org/isbn/0262133784,http://amazon.com/dp/0262133784
Borges,,,0140286802,,0,,https://covers.openlibrary.org/b/isbn/0140286802-L.jpg,,read,Collected Fictions,,,,,,,,,https://covers.openlibrary.org/b/isbn/0140286802-L.jpg,https://covers.openlibrary.org/b/isbn/0140286802-M.jpg,https://covers.openlibrary.org/b/isbn/0140286802-S.jpg,,,https://x.com/search?q=from%3Apatrickcollison+Borges&src=typed_query,,,,https://openlibrary.org/isbn/0140286802,http://amazon.com/dp/0140286802
Lonely Planet Brazil (Country Guide),,,1741042976,,0,,https://covers.openlibrary.org/b/isbn/1741042976-L.jpg,,read,,,,,,,,,,https://covers.openlibrary.org/b/isbn/1741042976-L.jpg,https://covers.openlibrary.org/b/isbn/1741042976-M.jpg,https://covers.openlibrary.org/b/isbn/1741042976-S.jpg,,,https://x.com/search?q=from%3Apatrickcollison+Lonely+Planet+Brazil+Country+Guide&src=typed_query,,,,https://openlibrary.org/isbn/1741042976,http://amazon.com/dp/1741042976
Watchmen,,,1401245250,,0,,https://covers.openlibrary.org/b/isbn/1401245250-L.jpg,,read,,,,,,,,,,https://covers.openlibrary.org/b/isbn/1401245250-L.jpg,https://covers.openlibrary.org/b/isbn/1401245250-M.jpg,https://covers.openlibrary.org/b/isbn/1401245250-S.jpg,,,https://x.com/search?q=from%3Apatrickcollison+Watchmen&src=typed_query,,,,https://openlibrary.org/isbn/1401245250,http://amazon.com/dp/1401245250
The Lives of the Poets,,,0199226741,,0,,https://covers.openlibrary.org/b/isbn/0199226741-L.jpg,,read,A Selection,,,,,,,,,https://covers.openlibrary.org/b/isbn/0199226741-L.jpg,https://covers.openlibrary.org/b/isbn/0199226741-M.jpg,https://covers.openlibrary.org/b/isbn/0199226741-S.jpg,,,https://x.com/search?q=from%3Apatrickcollison+The+Lives+of+the+Poets&src=typed_query,,,,https://openlibrary.org/isbn/0199226741,http://amazon.com/dp/0199226741
Hitch 22,,,1843549220,,0,,https://covers.openlibrary.org/b/isbn/1843549220-L.jpg,,read,A Memoir,,,,,,,,,https://covers.openlibrary.org/b/isbn/1843549220-L.jpg,https://covers.openlibrary.org/b/isbn/1843549220-M.jpg,https://covers.openlibrary.org/b/isbn/1843549220-S.jpg,,,https://x.com/search?q=from%3Apatrickcollison+Hitch+22&src=typed_query,,,,https://openlibrary.org/isbn/1843549220,http://www.amazon.co.uk/Hitch-22-Memoir-Christopher-Hitchens/dp/1843549220
Code,,,0735611319,,0,,https://covers.openlibrary.org/b/isbn/0735611319-L.jpg,,read,The Hidden Language of Computer Hardware and Software,,,,,,,,,https://covers.openlibrary.org/b/isbn/0735611319-L.jpg,https://covers.openlibrary.org/b/isbn/0735611319-M.jpg,https://covers.openlibrary.org/b/isbn/0735611319-S.jpg,,,https://x.com/search?q=from%3Apatrickcollison+Code&src=typed_query,,,,https://openlibrary.org/isbn/0735611319,http://amazon.com/dp/0735611319
The A. B. C. Murders,,,0062073583,,0,,https://covers.openlibrary.org/b/isbn/0062073583-L.jpg,,read,,,,,,,,,,https://covers.openlibrary.org/b/isbn/0062073583-L.jpg,https://covers.openlibrary.org/b/isbn/0062073583-M.jpg,https://covers.openlibrary.org/b/isbn/0062073583-S.jpg,,,https://x.com/search?q=from%3Apatrickcollison+The+A+B+C+Murders&src=typed_query,,,,https://openlibrary.org/isbn/0062073583,http://amazon.com/dp/0062073583
Death in the Clouds,,,0062073745,,0,,https://covers.openlibrary.org/b/isbn/0062073745-L.jpg,,read,,,,,,,,,,https://covers.openlibrary.org/b/isbn/0062073745-L.jpg,https://covers.openlibrary.org/b/isbn/0062073745-M.jpg,https://covers.openlibrary.org/b/isbn/0062073745-S.jpg,,,https://x.com/search?q=from%3Apatrickcollison+Death+in+the+Clouds&src=typed_query,,,,https://openlibrary.org/isbn/0062073745,http://amazon.com/dp/0062073745
"Technology, Management, and Society",,,1422131610,,0,,https://covers.openlibrary.org/b/isbn/1422131610-L.jpg,,read,,,,,,,,,,https://covers.openlibrary.org/b/isbn/1422131610-L.jpg,https://covers.openlibrary.org/b/isbn/1422131610-M.jpg,https://covers.openlibrary.org/b/isbn/1422131610-S.jpg,,,https://x.com/search?q=from%3Apatrickcollison+Technology+Management+and+Society&src=typed_query,,,,https://openlibrary.org/isbn/1422131610,http://amazon.com/dp/1422131610
Incompleteness,,,0393051692,,4,,https://covers.openlibrary.org/b/isbn/0393051692-L.jpg,,highly-recommended,The Proof and Paradox of Kurt Godel,,,,,,,,,https://covers.openlibrary.org/b/isbn/0393051692-L.jpg,https://covers.openlibrary.org/b/isbn/0393051692-M.jpg,https://covers.openlibrary.org/b/isbn/0393051692-S.jpg,,,https://x.com/search?q=from%3Apatrickcollison+Incompleteness&src=typed_query,,,,https://openlibrary.org/isbn/0393051692,http://amazon.com/dp/0393051692
The Ohlone Way,,,0930588010,,0,,https://covers.openlibrary.org/b/isbn/0930588010-L.jpg,,read,Indian Life in the San Francisco-Monterey Bay Area,,,,,,,,,https://covers.openlibrary.org/b/isbn/0930588010-L.jpg,https://covers.openlibrary.org/b/isbn/0930588010-M.jpg,https://covers.openlibrary.org/b/isbn/0930588010-S.jpg,,,https://x.com/search?q=from%3Apatrickcollison+The+Ohlone+Way&src=typed_query,,,,https://openlibrary.org/isbn/0930588010,http://amazon.com/dp/0930588010
How to Be a Carioca,,,1600375006,,0,,https://covers.openlibrary.org/b/isbn/1600375006-L.jpg,,read,The Alternative Guide for the Tourist in Rio,,,,,,,,,https://covers.openlibrary.org/b/isbn/1600375006-L.jpg,https://covers.openlibrary.org/b/isbn/1600375006-M.jpg,https://covers.openlibrary.org/b/isbn/1600375006-S.jpg,,,https://x.com/search?q=from%3Apatrickcollison+How+to+Be+a+Carioca&src=typed_query,,,,https://openlibrary.org/isbn/1600375006,http://amazon.com/dp/1600375006
Positioning,,,0071373586,,0,,https://covers.openlibrary.org/b/isbn/0071373586-L.jpg,,read,The Battle for Your Mind,,,,,,,,,https://covers.openlibrary.org/b/isbn/0071373586-L.jpg,https://covers.openlibrary.org/b/isbn/0071373586-M.jpg,https://covers.openlibrary.org/b/isbn/0071373586-S.jpg,,,https://x.com/search?q=from%3Apatrickcollison+Positioning&src=typed_query,,,,https://openlibrary.org/isbn/0071373586,http://amazon.com/dp/0071373586
The Great Gatsby,,,0743273567,,0,,https://covers.openlibrary.org/b/isbn/0743273567-L.jpg,,read,,,,,,,,,,https://covers.openlibrary.org/b/isbn/0743273567-L.jpg,https://covers.openlibrary.org/b/isbn/0743273567-M.jpg,https://covers.openlibrary.org/b/isbn/0743273567-S.jpg,,,https://x.com/search?q=from%3Apatrickcollison+The+Great+Gatsby&src=typed_query,,,,https://openlibrary.org/isbn/0743273567,http://amazon.com/dp/0743273567
Brrm Brrm,,,0330325485,,0,,https://covers.openlibrary.org/b/isbn/0330325485-L.jpg,,read,,,,,,,,,,https://covers.openlibrary.org/b/isbn/0330325485-L.jpg,https://covers.openlibrary.org/b/isbn/0330325485-M.jpg,https://covers.openlibrary.org/b/isbn/0330325485-S.jpg,,,https://x.com/search?q=from%3Apatrickcollison+Brrm+Brrm&src=typed_query,,,,https://openlibrary.org/isbn/0330325485,http://amazon.com/dp/0330325485
A Practical Guide for Policy Analysis,,,1889119296,,0,,https://covers.openlibrary.org/b/isbn/1889119296-L.jpg,,read,The Eightfold Path to More Effective Problem Solving,,,,,,,,,https://covers.openlibrary.org/b/isbn/1889119296-L.jpg,https://covers.openlibrary.org/b/isbn/1889119296-M.jpg,https://covers.openlibrary.org/b/isbn/1889119296-S.jpg,,,https://x.com/search?q=from%3Apatrickcollison+A+Practical+Guide+for+Policy+Analysis&src=typed_query,,,,https://openlibrary.org/isbn/1889119296,http://amazon.com/dp/1889119296
Dracula,,,,,4,,,,highly-recommended,,,,,,,,,,,,,,,https://x.com/search?q=from%3Apatrickcollison+Dracula&src=typed_query,,,,,http://www.amazon.com/s/ref=nb_sb_noss?url=search-alias%3Dstripbooks&field-keywords=ISBN-13%3A+978-0140433814
Out of their Minds,,,0387982698,,0,,https://covers.openlibrary.org/b/isbn/0387982698-L.jpg,,read,The Lives and Discoveries of 15 Great Computer Scientists,,,,,,,,,https://covers.openlibrary.org/b/isbn/0387982698-L.jpg,https://covers.openlibrary.org/b/isbn/0387982698-M.jpg,https://covers.openlibrary.org/b/isbn/0387982698-S.jpg,,,https://x.com/search?q=from%3Apatrickcollison+Out+of+their+Minds&src=typed_query,,,,https://openlibrary.org/isbn/0387982698,http://amazon.com/dp/0387982698
Midnight's Children,,,0812976533,,4,,https://covers.openlibrary.org/b/isbn/0812976533-L.jpg,,highly-recommended,A Novel (Modern Library 100 Best Novels),,,,,,,,,https://covers.openlibrary.org/b/isbn/0812976533-L.jpg,https://covers.openlibrary.org/b/isbn/0812976533-M.jpg,https://covers.openlibrary.org/b/isbn/0812976533-S.jpg,,,https://x.com/search?q=from%3Apatrickcollison+Midnights+Children&src=typed_query,,,,https://openlibrary.org/isbn/0812976533,http://amazon.com/dp/0812976533
Snow Falling on Cedars,,,067976402X,,0,,,,read,A Novel,,,,,,,,,,,,,,https://x.com/search?q=from%3Apatrickcollison+Snow+Falling+on+Cedars&src=typed_query,,,,https://openlibrary.org/search?q=067976402X,http://amazon.com/dp/067976402X
Republic,,,0872201368,,0,,https://covers.openlibrary.org/b/isbn/0872201368-L.jpg,,read,,,,,,,,,,https://covers.openlibrary.org/b/isbn/0872201368-L.jpg,https://covers.openlibrary.org/b/isbn/0872201368-M.jpg,https://covers.openlibrary.org/b/isbn/0872201368-S.jpg,,,https://x.com/search?q=from%3Apatrickcollison+Republic&src=typed_query,,,,https://openlibrary.org/isbn/0872201368,http://amazon.com/dp/0872201368
The Odyssey,,,0140445560,,0,,https://covers.openlibrary.org/b/isbn/0140445560-L.jpg,,read,Revised Prose Translation,,,,,,,,,https://covers.openlibrary.org/b/isbn/0140445560-L.jpg,https://covers.openlibrary.org/b/isbn/0140445560-M.jpg,https://covers.openlibrary.org/b/isbn/0140445560-S.jpg,,,https://x.com/search?q=from%3Apatrickcollison+The+Odyssey&src=typed_query,,,,https://openlibrary.org/isbn/0140445560,http://amazon.com/dp/0140445560
The Origin of Species,,,1853267805,,0,,https://covers.openlibrary.org/b/isbn/1853267805-L.jpg,,read,,,,,,,,,,https://covers.openlibrary.org/b/isbn/1853267805-L.jpg,https://covers.openlibrary.org/b/isbn/1853267805-M.jpg,https://covers.openlibrary.org/b/isbn/1853267805-S.jpg,,,https://x.com/search?q=from%3Apatrickcollison+The+Origin+of+Species&src=typed_query,,,,https://openlibrary.org/isbn/1853267805,http://www.amazon.com/Species-Wordsworth-Classics-Literature-Collection/dp/1853267805
Moon Lander,,,1588342735,,0,,https://covers.openlibrary.org/b/isbn/1588342735-L.jpg,,read,How We Developed the Apollo Lunar Module (Smithsonian History of Aviation and Spaceflight),,,,,,,,,https://covers.openlibrary.org/b/isbn/1588342735-L.jpg,https://covers.openlibrary.org/b/isbn/1588342735-M.jpg,https://covers.openlibrary.org/b/isbn/1588342735-S.jpg,,,https://x.com/search?q=from%3Apatrickcollison+Moon+Lander&src=typed_query,,,,https://openlibrary.org/isbn/1588342735,http://amazon.com/dp/1588342735
Maui Revealed,,,0981461034,,0,,https://covers.openlibrary.org/b/isbn/0981461034-L.jpg,,read,The Ultimate Guidebook,,,,,,,,,https://covers.openlibrary.org/b/isbn/0981461034-L.jpg,https://covers.openlibrary.org/b/isbn/0981461034-M.jpg,https://covers.openlibrary.org/b/isbn/0981461034-S.jpg,,,https://x.com/search?q=from%3Apatrickcollison+Maui+Revealed&src=typed_query,,,,https://openlibrary.org/isbn/0981461034,http://amazon.com/dp/0981461034
Jony Ive,,,159184617X,,0,,,,read,The Genius Behind Apple's Greatest Products,,,,,,,,,,,,,,https://x.com/search?q=from%3Apatrickcollison+Jony+Ive&src=typed_query,,,,https://openlibrary.org/search?q=159184617X,http://amazon.com/dp/159184617X
Buckminster Fuller's Universe,,,0738203793,,0,,https://covers.openlibrary.org/b/isbn/0738203793-L.jpg,,read,His Life and Work,,,,,,,,,https://covers.openlibrary.org/b/isbn/0738203793-L.jpg,https://covers.openlibrary.org/b/isbn/0738203793-M.jpg,https://covers.openlibrary.org/b/isbn/0738203793-S.jpg,,,https://x.com/search?q=from%3Apatrickcollison+Buckminster+Fullers+Universe&src=typed_query,,,,https://openlibrary.org/isbn/0738203793,http://amazon.com/dp/0738203793
St. Augustine Confessions,,,0192833723,,0,,https://covers.openlibrary.org/b/isbn/0192833723-L.jpg,,read,,,,,,,,,,https://covers.openlibrary.org/b/isbn/0192833723-L.jpg,https://covers.openlibrary.org/b/isbn/0192833723-M.jpg,https://covers.openlibrary.org/b/isbn/0192833723-S.jpg,,,https://x.com/search?q=from%3Apatrickcollison+St+Augustine+Confessions&src=typed_query,,,,https://openlibrary.org/isbn/0192833723,http://amazon.com/dp/0192833723
Cultural Amnesia,,,039333354X,,0,,,,read,Necessary Memories from History and the Arts,,,,,,,,,,,,,,https://x.com/search?q=from%3Apatrickcollison+Cultural+Amnesia&src=typed_query,,,,https://openlibrary.org/search?q=039333354X,http://amazon.com/dp/039333354X
Hard Times,,,014143967X,,0,,,,read,,,,,,,,,,,,,,,https://x.com/search?q=from%3Apatrickcollison+Hard+Times&src=typed_query,,,,https://openlibrary.org/search?q=014143967X,http://www.amazon.com/Hard-Times-Charles-Dickens/dp/014143967X
The Handmaid's Tale,,,038549081X,,0,,,,read,,,,,,,,,,,,,,,https://x.com/search?q=from%3Apatrickcollison+The+Handmaids+Tale&src=typed_query,,,,https://openlibrary.org/search?q=038549081X,http://amazon.com/dp/038549081X
On Intelligence,,,0805074562,,4,,https://covers.openlibrary.org/b/isbn/0805074562-L.jpg,,highly-recommended,,,,,,,,,,https://covers.openlibrary.org/b/isbn/0805074562-L.jpg,https://covers.openlibrary.org/b/isbn/0805074562-M.jpg,https://covers.openlibrary.org/b/isbn/0805074562-S.jpg,,,https://x.com/search?q=from%3Apatrickcollison+On+Intelligence&src=typed_query,,,,https://openlibrary.org/isbn/0805074562,http://amazon.com/dp/0805074562
Notes on the Synthesis of Form,,,0674627512,,0,,https://covers.openlibrary.org/b/isbn/0674627512-L.jpg,,read,,,,,,,,,,https://covers.openlibrary.org/b/isbn/0674627512-L.jpg,https://covers.openlibrary.org/b/isbn/0674627512-M.jpg,https://covers.openlibrary.org/b/isbn/0674627512-S.jpg,,,https://x.com/search?q=from%3Apatrickcollison+Notes+on+the+Synthesis+of+Form&src=typed_query,,,,https://openlibrary.org/isbn/0674627512,http://amazon.com/dp/0674627512
Dreaming in Chinese,,,0802779131,,0,,https://covers.openlibrary.org/b/isbn/0802779131-L.jpg,,read,"Mandarin Lessons In Life, Love, And Language",,,,,,,,,https://covers.openlibrary.org/b/isbn/0802779131-L.jpg,https://covers.openlibrary.org/b/isbn/0802779131-M.jpg,https://covers.openlibrary.org/b/isbn/0802779131-S.jpg,,,https://x.com/search?q=from%3Apatrickcollison+Dreaming+in+Chinese&src=typed_query,,,,https://openlibrary.org/isbn/0802779131,http://amazon.com/dp/0802779131
Cypherpunks,,,B00AZBI4IO,,0,,,,read,Freedom and the Future of the Internet,,,,,,,,,,,,,,https://x.com/search?q=from%3Apatrickcollison+Cypherpunks&src=typed_query,,,,https://openlibrary.org/search?q=B00AZBI4IO,http://amazon.com/dp/B00AZBI4IO
The Loneliness of the Long-Distance Runner,,,0307389642,,0,,https://covers.openlibrary.org/b/isbn/0307389642-L.jpg,,read,,,,,,,,,,https://covers.openlibrary.org/b/isbn/0307389642-L.jpg,https://covers.openlibrary.org/b/isbn/0307389642-M.jpg,https://covers.openlibrary.org/b/isbn/0307389642-S.jpg,,,https://x.com/search?q=from%3Apatrickcollison+The+Loneliness+of+the+LongDistance+Runner&src=typed_query,,,,https://openlibrary.org/isbn/0307389642,http://amazon.com/dp/0307389642
How Will You Measure Your Life?,,,0062102419,,0,,https://covers.openlibrary.org/b/isbn/0062102419-L.jpg,,read,,,,,,,,,,https://covers.openlibrary.org/b/isbn/0062102419-L.jpg,https://covers.openlibrary.org/b/isbn/0062102419-M.jpg,https://covers.openlibrary.org/b/isbn/0062102419-S.jpg,,,https://x.com/search?q=from%3Apatrickcollison+How+Will+You+Measure+Your+Life&src=typed_query,,,,https://openlibrary.org/isbn/0062102419,http://amazon.com/dp/0062102419
Chinese Lessons,,,0805086641,,0,,https://covers.openlibrary.org/b/isbn/0805086641-L.jpg,,read,Five Classmates and the Story of the New China,,,,,,,,,https://covers.openlibrary.org/b/isbn/0805086641-L.jpg,https://covers.openlibrary.org/b/isbn/0805086641-M.jpg,https://covers.openlibrary.org/b/isbn/0805086641-S.jpg,,,https://x.com/search?q=from%3Apatrickcollison+Chinese+Lessons&src=typed_query,,,,https://openlibrary.org/isbn/0805086641,http://amazon.com/dp/0805086641
"The Emperor's New Mind - Concerning Computers, Minds, and the Laws of Physics",,,B0013B7N3M,,0,,,,read,,,,,,,,,,,,,,,https://x.com/search?q=from%3Apatrickcollison+The+Emperors+New+Mind++Concerning+Computers+Minds+and+the+La&src=typed_query,,,,https://openlibrary.org/search?q=B0013B7N3M,http://www.amazon.com/The-Emperors-New-Mind-Concerning/dp/B0013B7N3M
In Search of Schrödinger's Cat,,,0553342533,,0,,https://covers.openlibrary.org/b/isbn/0553342533-L.jpg,,read,Quantum Physics and Reality,,,,,,,,,https://covers.openlibrary.org/b/isbn/0553342533-L.jpg,https://covers.openlibrary.org/b/isbn/0553342533-M.jpg,https://covers.openlibrary.org/b/isbn/0553342533-S.jpg,,,https://x.com/search?q=from%3Apatrickcollison+In+Search+of+Schrödingers+Cat&src=typed_query,,,,https://openlibrary.org/isbn/0553342533,http://amazon.com/dp/0553342533
Just Six Numbers,,,B0092G5GES,,0,,,,read,"The Deep Forces That Shape the Universe by Rees, Martin J. ( Author ) ON Oct-05-2000, Paperback",,,,,,,,,,,,,,https://x.com/search?q=from%3Apatrickcollison+Just+Six+Numbers&src=typed_query,,,,https://openlibrary.org/search?q=B0092G5GES,http://amazon.com/dp/B0092G5GES
Citizen Sim,,,1632260131,,0,,https://covers.openlibrary.org/b/isbn/1632260131-L.jpg,,read,Cradle of the Stars,,,,,,,,,https://covers.openlibrary.org/b/isbn/1632260131-L.jpg,https://covers.openlibrary.org/b/isbn/1632260131-M.jpg,https://covers.openlibrary.org/b/isbn/1632260131-S.jpg,,,https://x.com/search?q=from%3Apatrickcollison+Citizen+Sim&src=typed_query,,,,https://openlibrary.org/isbn/1632260131,http://amazon.com/dp/1632260131
Instrument Oral Exam Guide,,,1560277572,,0,,https://covers.openlibrary.org/b/isbn/1560277572-L.jpg,,read,The Comprehensive Guide to Prepare You for the FAA Oral Exam (Oral Exam Guide series),,,,,,,,,https://covers.openlibrary.org/b/isbn/1560277572-L.jpg,https://covers.openlibrary.org/b/isbn/1560277572-M.jpg,https://covers.openlibrary.org/b/isbn/1560277572-S.jpg,,,https://x.com/search?q=from%3Apatrickcollison+Instrument+Oral+Exam+Guide&src=typed_query,,,,https://openlibrary.org/isbn/1560277572,http://amazon.com/dp/1560277572
Network Security Hacks,,,0596006438,,0,,https://covers.openlibrary.org/b/isbn/0596006438-L.jpg,,read,,,,,,,,,,https://covers.openlibrary.org/b/isbn/0596006438-L.jpg,https://covers.openlibrary.org/b/isbn/0596006438-M.jpg,https://covers.openlibrary.org/b/isbn/0596006438-S.jpg,,,https://x.com/search?q=from%3Apatrickcollison+Network+Security+Hacks&src=typed_query,,,,https://openlibrary.org/isbn/0596006438,http://www.amazon.ca/Network-Security-Hacks-Industrial-Strength-Tools/dp/0596006438
Lady Icarus the Life of Irish Aviator Lady Mary Heath,,,1901658384,,0,,https://covers.openlibrary.org/b/isbn/1901658384-L.jpg,,read,,,,,,,,,,https://covers.openlibrary.org/b/isbn/1901658384-L.jpg,https://covers.openlibrary.org/b/isbn/1901658384-M.jpg,https://covers.openlibrary.org/b/isbn/1901658384-S.jpg,,,https://x.com/search?q=from%3Apatrickcollison+Lady+Icarus+the+Life+of+Irish+Aviator+Lady+Mary+Heath&src=typed_query,,,,https://openlibrary.org/isbn/1901658384,http://amazon.com/dp/1901658384
The Pillars of the Earth,,,045122213X,,0,,,,read,,,,,,,,,,,,,,,https://x.com/search?q=from%3Apatrickcollison+The+Pillars+of+the+Earth&src=typed_query,,,,https://openlibrary.org/search?q=045122213X,http://amazon.com/dp/045122213X
Globalization and Its Discontents,,,014101038X,,0,,,,read,,,,,,,,,,,,,,,https://x.com/search?q=from%3Apatrickcollison+Globalization+and+Its+Discontents&src=typed_query,,,,https://openlibrary.org/search?q=014101038X,http://www.amazon.in/Globalization-Its-Discontents-Joseph-Stiglitz/dp/014101038X
The Checklist Manifesto,,,0312430000,,0,,https://covers.openlibrary.org/b/isbn/0312430000-L.jpg,,read,How to Get Things Right,,,,,,,,,https://covers.openlibrary.org/b/isbn/0312430000-L.jpg,https://covers.openlibrary.org/b/isbn/0312430000-M.jpg,https://covers.openlibrary.org/b/isbn/0312430000-S.jpg,,,https://x.com/search?q=from%3Apatrickcollison+The+Checklist+Manifesto&src=typed_query,,,,https://openlibrary.org/isbn/0312430000,http://amazon.com/dp/0312430000
Quantum Computing since Democritus,,,0521199565,,4,,https://covers.openlibrary.org/b/isbn/0521199565-L.jpg,,highly-recommended,,,,,,,,,,https://covers.openlibrary.org/b/isbn/0521199565-L.jpg,https://covers.openlibrary.org/b/isbn/0521199565-M.jpg,https://covers.openlibrary.org/b/isbn/0521199565-S.jpg,,,https://x.com/search?q=from%3Apatrickcollison+Quantum+Computing+since+Democritus&src=typed_query,,,,https://openlibrary.org/isbn/0521199565,http://amazon.com/dp/0521199565
Bicycling Science,,,0262731541,,0,,https://covers.openlibrary.org/b/isbn/0262731541-L.jpg,,read,,,,,,,,,,https://covers.openlibrary.org/b/isbn/0262731541-L.jpg,https://covers.openlibrary.org/b/isbn/0262731541-M.jpg,https://covers.openlibrary.org/b/isbn/0262731541-S.jpg,,,https://x.com/search?q=from%3Apatrickcollison+Bicycling+Science&src=typed_query,,,,https://openlibrary.org/isbn/0262731541,http://amazon.com/dp/0262731541
Miracle in the Andes,,,0756988470,,0,,https://covers.openlibrary.org/b/isbn/0756988470-L.jpg,,read,72 Days on the Mountain and My Long Trek Home,,,,,,,,,https://covers.openlibrary.org/b/isbn/0756988470-L.jpg,https://covers.openlibrary.org/b/isbn/0756988470-M.jpg,https://covers.openlibrary.org/b/isbn/0756988470-S.jpg,,,https://x.com/search?q=from%3Apatrickcollison+Miracle+in+the+Andes&src=typed_query,,,,https://openlibrary.org/isbn/0756988470,http://amazon.com/dp/0756988470
The Founder's Dilemmas,,,0691149135,,0,,https://covers.openlibrary.org/b/isbn/0691149135-L.jpg,,read,Anticipating and Avoiding the Pitfalls That Can Sink a Startup,,,,,,,,,https://covers.openlibrary.org/b/isbn/0691149135-L.jpg,https://covers.openlibrary.org/b/isbn/0691149135-M.jpg,https://covers.openlibrary.org/b/isbn/0691149135-S.jpg,,,https://x.com/search?q=from%3Apatrickcollison+The+Founders+Dilemmas&src=typed_query,,,,https://openlibrary.org/isbn/0691149135,http://amazon.com/dp/0691149135
e,,,0691141347,,0,,https://covers.openlibrary.org/b/isbn/0691141347-L.jpg,,read,The Story of a Number,,,,,,,,,https://covers.openlibrary.org/b/isbn/0691141347-L.jpg,https://covers.openlibrary.org/b/isbn/0691141347-M.jpg,https://covers.openlibrary.org/b/isbn/0691141347-S.jpg,,,https://x.com/search?q=from%3Apatrickcollison+e&src=typed_query,,,,https://openlibrary.org/isbn/0691141347,http://amazon.com/dp/0691141347
Influence,,,0688128165,,0,,https://covers.openlibrary.org/b/isbn/0688128165-L.jpg,,read,The Psychology of Persuasion,,,,,,,,,https://covers.openlibrary.org/b/isbn/0688128165-L.jpg,https://covers.openlibrary.org/b/isbn/0688128165-M.jpg,https://covers.openlibrary.org/b/isbn/0688128165-S.jpg,,,https://x.com/search?q=from%3Apatrickcollison+Influence&src=typed_query,,,,https://openlibrary.org/isbn/0688128165,http://amazon.com/dp/0688128165
Singularity Rising,,,1936661659,,0,,https://covers.openlibrary.org/b/isbn/1936661659-L.jpg,,read,"Surviving and Thriving in a Smarter, Richer, and More Dangerous World",,,,,,,,,https://covers.openlibrary.org/b/isbn/1936661659-L.jpg,https://covers.openlibrary.org/b/isbn/1936661659-M.jpg,https://covers.openlibrary.org/b/isbn/1936661659-S.jpg,,,https://x.com/search?q=from%3Apatrickcollison+Singularity+Rising&src=typed_query,,,,https://openlibrary.org/isbn/1936661659,http://amazon.com/dp/1936661659
Hooligan,,,0805238859,,0,,https://covers.openlibrary.org/b/isbn/0805238859-L.jpg,,read,,,,,,,,,,https://covers.openlibrary.org/b/isbn/0805238859-L.jpg,https://covers.openlibrary.org/b/isbn/0805238859-M.jpg,https://covers.openlibrary.org/b/isbn/0805238859-S.jpg,,,https://x.com/search?q=from%3Apatrickcollison+Hooligan&src=typed_query,,,,https://openlibrary.org/isbn/0805238859,http://amazon.com/dp/0805238859
The Process of Education,,,B003XC626I,,0,,,,read,A Searching Discussion of School Education Opening New Paths to Learning and Teaching,,,,,,,,,,,,,,https://x.com/search?q=from%3Apatrickcollison+The+Process+of+Education&src=typed_query,,,,https://openlibrary.org/search?q=B003XC626I,http://amazon.com/dp/B003XC626I
The Aeneid,,,0679413359,,0,,https://covers.openlibrary.org/b/isbn/0679413359-L.jpg,,read,,,,,,,,,,https://covers.openlibrary.org/b/isbn/0679413359-L.jpg,https://covers.openlibrary.org/b/isbn/0679413359-M.jpg,https://covers.openlibrary.org/b/isbn/0679413359-S.jpg,,,https://x.com/search?q=from%3Apatrickcollison+The+Aeneid&src=typed_query,,,,https://openlibrary.org/isbn/0679413359,http://amazon.com/dp/0679413359
Human Society in Ethics and Politics,,,0415487374,,0,,https://covers.openlibrary.org/b/isbn/0415487374-L.jpg,,read,,,,,,,,,,https://covers.openlibrary.org/b/isbn/0415487374-L.jpg,https://covers.openlibrary.org/b/isbn/0415487374-M.jpg,https://covers.openlibrary.org/b/isbn/0415487374-S.jpg,,,https://x.com/search?q=from%3Apatrickcollison+Human+Society+in+Ethics+and+Politics&src=typed_query,,,,https://openlibrary.org/isbn/0415487374,http://amazon.com/dp/0415487374
The Soul of A New Machine,,,0316491977,,0,,https://covers.openlibrary.org/b/isbn/0316491977-L.jpg,,read,,,,,,,,,,https://covers.openlibrary.org/b/isbn/0316491977-L.jpg,https://covers.openlibrary.org/b/isbn/0316491977-M.jpg,https://covers.openlibrary.org/b/isbn/0316491977-S.jpg,,,https://x.com/search?q=from%3Apatrickcollison+The+Soul+of+A+New+Machine&src=typed_query,,,,https://openlibrary.org/isbn/0316491977,http://amazon.com/dp/0316491977
How to Solve It,,,0691080976,,0,,https://covers.openlibrary.org/b/isbn/0691080976-L.jpg,,read,A New Aspect of Mathematical Method,,,,,,,,,https://covers.openlibrary.org/b/isbn/0691080976-L.jpg,https://covers.openlibrary.org/b/isbn/0691080976-M.jpg,https://covers.openlibrary.org/b/isbn/0691080976-S.jpg,,,https://x.com/search?q=from%3Apatrickcollison+How+to+Solve+It&src=typed_query,,,,https://openlibrary.org/isbn/0691080976,http://amazon.com/dp/0691080976
Engines of Logic,,,0393322297,,0,,https://covers.openlibrary.org/b/isbn/0393322297-L.jpg,,read,Mathematicians and the Origin of the Computer,,,,,,,,,https://covers.openlibrary.org/b/isbn/0393322297-L.jpg,https://covers.openlibrary.org/b/isbn/0393322297-M.jpg,https://covers.openlibrary.org/b/isbn/0393322297-S.jpg,,,https://x.com/search?q=from%3Apatrickcollison+Engines+of+Logic&src=typed_query,,,,https://openlibrary.org/isbn/0393322297,http://amazon.com/dp/0393322297
The Dynamics of Creation,,,0345376730,,0,,https://covers.openlibrary.org/b/isbn/0345376730-L.jpg,,read,,,,,,,,,,https://covers.openlibrary.org/b/isbn/0345376730-L.jpg,https://covers.openlibrary.org/b/isbn/0345376730-M.jpg,https://covers.openlibrary.org/b/isbn/0345376730-S.jpg,,,https://x.com/search?q=from%3Apatrickcollison+The+Dynamics+of+Creation&src=typed_query,,,,https://openlibrary.org/isbn/0345376730,http://amazon.com/dp/0345376730
How to Be Alone,,,0312422164,,0,,https://covers.openlibrary.org/b/isbn/0312422164-L.jpg,,read,Essays,,,,,,,,,https://covers.openlibrary.org/b/isbn/0312422164-L.jpg,https://covers.openlibrary.org/b/isbn/0312422164-M.jpg,https://covers.openlibrary.org/b/isbn/0312422164-S.jpg,,,https://x.com/search?q=from%3Apatrickcollison+How+to+Be+Alone&src=typed_query,,,,https://openlibrary.org/isbn/0312422164,http://amazon.com/dp/0312422164
Machine Learning for Hackers,,,1449303714,,0,,https://covers.openlibrary.org/b/isbn/1449303714-L.jpg,,read,,,,,,,,,,https://covers.openlibrary.org/b/isbn/1449303714-L.jpg,https://covers.openlibrary.org/b/isbn/1449303714-M.jpg,https://covers.openlibrary.org/b/isbn/1449303714-S.jpg,,,https://x.com/search?q=from%3Apatrickcollison+Machine+Learning+for+Hackers&src=typed_query,,,,https://openlibrary.org/isbn/1449303714,http://amazon.com/dp/1449303714
Designing Data Visualizations,,,1449312284,,0,,https://covers.openlibrary.org/b/isbn/1449312284-L.jpg,,read,Representing Informational Relationships,,,,,,,,,https://covers.openlibrary.org/b/isbn/1449312284-L.jpg,https://covers.openlibrary.org/b/isbn/1449312284-M.jpg,https://covers.openlibrary.org/b/isbn/1449312284-S.jpg,,,https://x.com/search?q=from%3Apatrickcollison+Designing+Data+Visualizations&src=typed_query,,,,https://openlibrary.org/isbn/1449312284,http://amazon.com/dp/1449312284
Crystal Fire,,,0393041247,,0,,https://covers.openlibrary.org/b/isbn/0393041247-L.jpg,,read,The Birth of the Information Age,,,,,,,,,https://covers.openlibrary.org/b/isbn/0393041247-L.jpg,https://covers.openlibrary.org/b/isbn/0393041247-M.jpg,https://covers.openlibrary.org/b/isbn/0393041247-S.jpg,,,https://x.com/search?q=from%3Apatrickcollison+Crystal+Fire&src=typed_query,,,,https://openlibrary.org/isbn/0393041247,http://amazon.com/dp/0393041247
Maritime Economics 3e,,,041527558X,,0,,,,read,,,,,,,,,,,,,,,https://x.com/search?q=from%3Apatrickcollison+Maritime+Economics+3e&src=typed_query,,,,https://openlibrary.org/search?q=041527558X,http://amazon.com/dp/041527558X
Inside the Painter's Studio,,,1568988524,,0,,https://covers.openlibrary.org/b/isbn/1568988524-L.jpg,,read,,,,,,,,,,https://covers.openlibrary.org/b/isbn/1568988524-L.jpg,https://covers.openlibrary.org/b/isbn/1568988524-M.jpg,https://covers.openlibrary.org/b/isbn/1568988524-S.jpg,,,https://x.com/search?q=from%3Apatrickcollison+Inside+the+Painters+Studio&src=typed_query,,,,https://openlibrary.org/isbn/1568988524,http://amazon.com/dp/1568988524
Super Sad True Love Story,,,1400066409,,0,,https://covers.openlibrary.org/b/isbn/1400066409-L.jpg,,read,A Novel,,,,,,,,,https://covers.openlibrary.org/b/isbn/1400066409-L.jpg,https://covers.openlibrary.org/b/isbn/1400066409-M.jpg,https://covers.openlibrary.org/b/isbn/1400066409-S.jpg,,,https://x.com/search?q=from%3Apatrickcollison+Super+Sad+True+Love+Story&src=typed_query,,,,https://openlibrary.org/isbn/1400066409,http://amazon.com/dp/1400066409
And Suddenly the Inventor Appeared,,,0964074028,,0,,https://covers.openlibrary.org/b/isbn/0964074028-L.jpg,,read,"TRIZ, the Theory of Inventive Problem Solving",,,,,,,,,https://covers.openlibrary.org/b/isbn/0964074028-L.jpg,https://covers.openlibrary.org/b/isbn/0964074028-M.jpg,https://covers.openlibrary.org/b/isbn/0964074028-S.jpg,,,https://x.com/search?q=from%3Apatrickcollison+And+Suddenly+the+Inventor+Appeared&src=typed_query,,,,https://openlibrary.org/isbn/0964074028,http://amazon.com/dp/0964074028
An Enquiry concerning Human Understanding,,,0198752482,,0,,https://covers.openlibrary.org/b/isbn/0198752482-L.jpg,,read,,,,,,,,,,https://covers.openlibrary.org/b/isbn/0198752482-L.jpg,https://covers.openlibrary.org/b/isbn/0198752482-M.jpg,https://covers.openlibrary.org/b/isbn/0198752482-S.jpg,,,https://x.com/search?q=from%3Apatrickcollison+An+Enquiry+concerning+Human+Understanding&src=typed_query,,,,https://openlibrary.org/isbn/0198752482,http://amazon.com/dp/0198752482
The Seasons of Thomas Tebo,,,0435908243,,0,,https://covers.openlibrary.org/b/isbn/0435908243-L.jpg,,read,,,,,,,,,,https://covers.openlibrary.org/b/isbn/0435908243-L.jpg,https://covers.openlibrary.org/b/isbn/0435908243-M.jpg,https://covers.openlibrary.org/b/isbn/0435908243-S.jpg,,,https://x.com/search?q=from%3Apatrickcollison+The+Seasons+of+Thomas+Tebo&src=typed_query,,,,https://openlibrary.org/isbn/0435908243,http://amazon.com/dp/0435908243
Nations and Nationalism since 1780,,,0521439612,,0,,https://covers.openlibrary.org/b/isbn/0521439612-L.jpg,,read,"Programme, Myth, Reality (Canto)",,,,,,,,,https://covers.openlibrary.org/b/isbn/0521439612-L.jpg,https://covers.openlibrary.org/b/isbn/0521439612-M.jpg,https://covers.openlibrary.org/b/isbn/0521439612-S.jpg,,,https://x.com/search?q=from%3Apatrickcollison+Nations+and+Nationalism+since+1780&src=typed_query,,,,https://openlibrary.org/isbn/0521439612,http://amazon.com/dp/0521439612
Topology,,,8120320468,,0,,https://covers.openlibrary.org/b/isbn/8120320468-L.jpg,,read,,,,,,,,,,https://covers.openlibrary.org/b/isbn/8120320468-L.jpg,https://covers.openlibrary.org/b/isbn/8120320468-M.jpg,https://covers.openlibrary.org/b/isbn/8120320468-S.jpg,,,https://x.com/search?q=from%3Apatrickcollison+Topology&src=typed_query,,,,https://openlibrary.org/isbn/8120320468,http://amazon.com/dp/8120320468
The Dawn of Innovation,,,1586488287,,0,,https://covers.openlibrary.org/b/isbn/1586488287-L.jpg,,read,The First American Industrial Revolution,,,,,,,,,https://covers.openlibrary.org/b/isbn/1586488287-L.jpg,https://covers.openlibrary.org/b/isbn/1586488287-M.jpg,https://covers.openlibrary.org/b/isbn/1586488287-S.jpg,,,https://x.com/search?q=from%3Apatrickcollison+The+Dawn+of+Innovation&src=typed_query,,,,https://openlibrary.org/isbn/1586488287,http://www.amazon.com/The-Dawn-Innovation-Industrial-Revolution/dp/1586488287
"Selections from Science and Sanity, Second Edition",,,0982755902,,0,,https://covers.openlibrary.org/b/isbn/0982755902-L.jpg,,read,,,,,,,,,,https://covers.openlibrary.org/b/isbn/0982755902-L.jpg,https://covers.openlibrary.org/b/isbn/0982755902-M.jpg,https://covers.openlibrary.org/b/isbn/0982755902-S.jpg,,,https://x.com/search?q=from%3Apatrickcollison+Selections+from+Science+and+Sanity+Second+Edition&src=typed_query,,,,https://openlibrary.org/isbn/0982755902,http://amazon.com/dp/0982755902
"Concepts, Techniques, and Models of Computer Programming",,,0262220695,,0,,https://covers.openlibrary.org/b/isbn/0262220695-L.jpg,,read,,,,,,,,,,https://covers.openlibrary.org/b/isbn/0262220695-L.jpg,https://covers.openlibrary.org/b/isbn/0262220695-M.jpg,https://covers.openlibrary.org/b/isbn/0262220695-S.jpg,,,https://x.com/search?q=from%3Apatrickcollison+Concepts+Techniques+and+Models+of+Computer+Programming&src=typed_query,,,,https://openlibrary.org/isbn/0262220695,http://amazon.com/dp/0262220695
The Flavor Bible,,,0316118400,,0,,https://covers.openlibrary.org/b/isbn/0316118400-L.jpg,,read,"The Essential Guide to Culinary Creativity, Based on the Wisdom of America's Most Imaginative Chefs",,,,,,,,,https://covers.openlibrary.org/b/isbn/0316118400-L.jpg,https://covers.openlibrary.org/b/isbn/0316118400-M.jpg,https://covers.openlibrary.org/b/isbn/0316118400-S.jpg,,,https://x.com/search?q=from%3Apatrickcollison+The+Flavor+Bible&src=typed_query,,,,https://openlibrary.org/isbn/0316118400,http://amazon.com/dp/0316118400
"Biology, 8th Edition",,,0805368442,,0,,https://covers.openlibrary.org/b/isbn/0805368442-L.jpg,,read,,,,,,,,,,https://covers.openlibrary.org/b/isbn/0805368442-L.jpg,https://covers.openlibrary.org/b/isbn/0805368442-M.jpg,https://covers.openlibrary.org/b/isbn/0805368442-S.jpg,,,https://x.com/search?q=from%3Apatrickcollison+Biology+8th+Edition&src=typed_query,,,,https://openlibrary.org/isbn/0805368442,http://amazon.com/dp/0805368442
Fall of Giants,,,0525951652,,0,,https://covers.openlibrary.org/b/isbn/0525951652-L.jpg,,read,,,,,,,,,,https://covers.openlibrary.org/b/isbn/0525951652-L.jpg,https://covers.openlibrary.org/b/isbn/0525951652-M.jpg,https://covers.openlibrary.org/b/isbn/0525951652-S.jpg,,,https://x.com/search?q=from%3Apatrickcollison+Fall+of+Giants&src=typed_query,,,,https://openlibrary.org/isbn/0525951652,http://amazon.com/dp/0525951652
Programming Collective Intelligence,,,0596529325,,0,,https://covers.openlibrary.org/b/isbn/0596529325-L.jpg,,read,Building Smart Web 2.0 Applications,,,,,,,,,https://covers.openlibrary.org/b/isbn/0596529325-L.jpg,https://covers.openlibrary.org/b/isbn/0596529325-M.jpg,https://covers.openlibrary.org/b/isbn/0596529325-S.jpg,,,https://x.com/search?q=from%3Apatrickcollison+Programming+Collective+Intelligence&src=typed_query,,,,https://openlibrary.org/isbn/0596529325,http://amazon.com/dp/0596529325
Cracking the Coding Interview,,,098478280X,,0,,,,read,150 Programming Questions and Solutions,,,,,,,,,,,,,,https://x.com/search?q=from%3Apatrickcollison+Cracking+the+Coding+Interview&src=typed_query,,,,https://openlibrary.org/search?q=098478280X,http://amazon.com/dp/098478280X
"Wind, Sand and Stars",,,0156027496,,4,,https://covers.openlibrary.org/b/isbn/0156027496-L.jpg,,highly-recommended,,,,,,,,,,https://covers.openlibrary.org/b/isbn/0156027496-L.jpg,https://covers.openlibrary.org/b/isbn/0156027496-M.jpg,https://covers.openlibrary.org/b/isbn/0156027496-S.jpg,,,https://x.com/search?q=from%3Apatrickcollison+Wind+Sand+and+Stars&src=typed_query,,,,https://openlibrary.org/isbn/0156027496,http://amazon.com/dp/0156027496
About Face 3,,,0470084111,,0,,https://covers.openlibrary.org/b/isbn/0470084111-L.jpg,,read,The Essentials of Interaction Design,,,,,,,,,https://covers.openlibrary.org/b/isbn/0470084111-L.jpg,https://covers.openlibrary.org/b/isbn/0470084111-M.jpg,https://covers.openlibrary.org/b/isbn/0470084111-S.jpg,,,https://x.com/search?q=from%3Apatrickcollison+About+Face+3&src=typed_query,,,,https://openlibrary.org/isbn/0470084111,http://amazon.com/dp/0470084111
Communicating Design,,,0321392353,,0,,https://covers.openlibrary.org/b/isbn/0321392353-L.jpg,,read,Developing Web Site Documentation for Design and Planning,,,,,,,,,https://covers.openlibrary.org/b/isbn/0321392353-L.jpg,https://covers.openlibrary.org/b/isbn/0321392353-M.jpg,https://covers.openlibrary.org/b/isbn/0321392353-S.jpg,,,https://x.com/search?q=from%3Apatrickcollison+Communicating+Design&src=typed_query,,,,https://openlibrary.org/isbn/0321392353,http://amazon.com/dp/0321392353
Programming Interviews Exposed,,,047012167X,,0,,,,read,"Secrets to Landing Your Next Job, 2nd Edition",,,,,,,,,,,,,,https://x.com/search?q=from%3Apatrickcollison+Programming+Interviews+Exposed&src=typed_query,,,,https://openlibrary.org/search?q=047012167X,http://amazon.com/dp/047012167X
Superintelligence,,,0199678111,,0,,https://covers.openlibrary.org/b/isbn/0199678111-L.jpg,,read,"Paths, Dangers, Strategies",,,,,,,,,https://covers.openlibrary.org/b/isbn/0199678111-L.jpg,https://covers.openlibrary.org/b/isbn/0199678111-M.jpg,https://covers.openlibrary.org/b/isbn/0199678111-S.jpg,,,https://x.com/search?q=from%3Apatrickcollison+Superintelligence&src=typed_query,,,,https://openlibrary.org/isbn/0199678111,http://amazon.com/dp/0199678111
A Primer of Drug Action,,,1429233435,,0,,https://covers.openlibrary.org/b/isbn/1429233435-L.jpg,,read,,,,,,,,,,https://covers.openlibrary.org/b/isbn/1429233435-L.jpg,https://covers.openlibrary.org/b/isbn/1429233435-M.jpg,https://covers.openlibrary.org/b/isbn/1429233435-S.jpg,,,https://x.com/search?q=from%3Apatrickcollison+A+Primer+of+Drug+Action&src=typed_query,,,,https://openlibrary.org/isbn/1429233435,http://amazon.com/dp/1429233435
Intuition Pumps And Other Tools for Thinking,,,0393082067,,0,,https://covers.openlibrary.org/b/isbn/0393082067-L.jpg,,read,,,,,,,,,,https://covers.openlibrary.org/b/isbn/0393082067-L.jpg,https://covers.openlibrary.org/b/isbn/0393082067-M.jpg,https://covers.openlibrary.org/b/isbn/0393082067-S.jpg,,,https://x.com/search?q=from%3Apatrickcollison+Intuition+Pumps+And+Other+Tools+for+Thinking&src=typed_query,,,,https://openlibrary.org/isbn/0393082067,http://amazon.com/dp/0393082067
Warped Passages,,,0060531088,,0,,https://covers.openlibrary.org/b/isbn/0060531088-L.jpg,,read,Unraveling the Mysteries of the Universe's Hidden Dimensions,,,,,,,,,https://covers.openlibrary.org/b/isbn/0060531088-L.jpg,https://covers.openlibrary.org/b/isbn/0060531088-M.jpg,https://covers.openlibrary.org/b/isbn/0060531088-S.jpg,,,https://x.com/search?q=from%3Apatrickcollison+Warped+Passages&src=typed_query,,,,https://openlibrary.org/isbn/0060531088,http://amazon.com/dp/0060531088
A Country of Cities,,,1935202170,,0,,https://covers.openlibrary.org/b/isbn/1935202170-L.jpg,,read,A Manifesto for an Urban America,,,,,,,,,https://covers.openlibrary.org/b/isbn/1935202170-L.jpg,https://covers.openlibrary.org/b/isbn/1935202170-M.jpg,https://covers.openlibrary.org/b/isbn/1935202170-S.jpg,,,https://x.com/search?q=from%3Apatrickcollison+A+Country+of+Cities&src=typed_query,,,,https://openlibrary.org/isbn/1935202170,http://amazon.com/dp/1935202170
Uncontrolled,,,046502324X,,0,,,,read,"The Surprising Payoff of Trial-and-Error for Business, Politics, and Society",,,,,,,,,,,,,,https://x.com/search?q=from%3Apatrickcollison+Uncontrolled&src=typed_query,,,,https://openlibrary.org/search?q=046502324X,http://amazon.com/dp/046502324X
Tender Is the Night,,,0684830507,,0,,https://covers.openlibrary.org/b/isbn/0684830507-L.jpg,,read,,,,,,,,,,https://covers.openlibrary.org/b/isbn/0684830507-L.jpg,https://covers.openlibrary.org/b/isbn/0684830507-M.jpg,https://covers.openlibrary.org/b/isbn/0684830507-S.jpg,,,https://x.com/search?q=from%3Apatrickcollison+Tender+Is+the+Night&src=typed_query,,,,https://openlibrary.org/isbn/0684830507,http://amazon.com/dp/0684830507
Debt,,,1933633867,,0,,https://covers.openlibrary.org/b/isbn/1933633867-L.jpg,,read,"The First 5,000 Years",,,,,,,,,https://covers.openlibrary.org/b/isbn/1933633867-L.jpg,https://covers.openlibrary.org/b/isbn/1933633867-M.jpg,https://covers.openlibrary.org/b/isbn/1933633867-S.jpg,,,https://x.com/search?q=from%3Apatrickcollison+Debt&src=typed_query,,,,https://openlibrary.org/isbn/1933633867,http://amazon.com/dp/1933633867
Act of Creation a Study of the Conscious,,,B000WU5UG2,,0,,,,read,,,,,,,,,,,,,,,https://x.com/search?q=from%3Apatrickcollison+Act+of+Creation+a+Study+of+the+Conscious&src=typed_query,,,,https://openlibrary.org/search?q=B000WU5UG2,http://amazon.com/dp/B000WU5UG2
Human Enhancement,,,0199299722,,0,,https://covers.openlibrary.org/b/isbn/0199299722-L.jpg,,read,,,,,,,,,,https://covers.openlibrary.org/b/isbn/0199299722-L.jpg,https://covers.openlibrary.org/b/isbn/0199299722-M.jpg,https://covers.openlibrary.org/b/isbn/0199299722-S.jpg,,,https://x.com/search?q=from%3Apatrickcollison+Human+Enhancement&src=typed_query,,,,https://openlibrary.org/isbn/0199299722,http://amazon.com/dp/0199299722
Computer Applications in Aircraft Design and Operation,,,0905451686,,0,,https://covers.openlibrary.org/b/isbn/0905451686-L.jpg,,read,,,,,,,,,,https://covers.openlibrary.org/b/isbn/0905451686-L.jpg,https://covers.openlibrary.org/b/isbn/0905451686-M.jpg,https://covers.openlibrary.org/b/isbn/0905451686-S.jpg,,,https://x.com/search?q=from%3Apatrickcollison+Computer+Applications+in+Aircraft+Design+and+Operation&src=typed_query,,,,https://openlibrary.org/isbn/0905451686,http://amazon.com/dp/0905451686
The Big Score,,,0385183518,,4,,https://covers.openlibrary.org/b/isbn/0385183518-L.jpg,,highly-recommended,The Billion Dollar Story of Silicon Valley,,,,,,,,,https://covers.openlibrary.org/b/isbn/0385183518-L.jpg,https://covers.openlibrary.org/b/isbn/0385183518-M.jpg,https://covers.openlibrary.org/b/isbn/0385183518-S.jpg,,,https://x.com/search?q=from%3Apatrickcollison+The+Big+Score&src=typed_query,,,,https://openlibrary.org/isbn/0385183518,http://amazon.com/dp/0385183518
Out of the Crisis,,,0911379010,,0,,https://covers.openlibrary.org/b/isbn/0911379010-L.jpg,,read,,,,,,,,,,https://covers.openlibrary.org/b/isbn/0911379010-L.jpg,https://covers.openlibrary.org/b/isbn/0911379010-M.jpg,https://covers.openlibrary.org/b/isbn/0911379010-S.jpg,,,https://x.com/search?q=from%3Apatrickcollison+Out+of+the+Crisis&src=typed_query,,,,https://openlibrary.org/isbn/0911379010,http://amazon.com/dp/0911379010
River Town,,,0060855029,,4,,https://covers.openlibrary.org/b/isbn/0060855029-L.jpg,,highly-recommended,Two Years on the Yangtze,,,,,,,,,https://covers.openlibrary.org/b/isbn/0060855029-L.jpg,https://covers.openlibrary.org/b/isbn/0060855029-M.jpg,https://covers.openlibrary.org/b/isbn/0060855029-S.jpg,,,https://x.com/search?q=from%3Apatrickcollison+River+Town&src=typed_query,,,,https://openlibrary.org/isbn/0060855029,http://amazon.com/dp/0060855029
Go To,,,0465042260,,0,,https://covers.openlibrary.org/b/isbn/0465042260-L.jpg,,read,"The Story of the Math Majors, Bridge Players, Engineers, Chess Wizards, Maverick Scientists, and Iconoclasts-- the Programmers Who Created the Software Revolution",,,,,,,,,https://covers.openlibrary.org/b/isbn/0465042260-L.jpg,https://covers.openlibrary.org/b/isbn/0465042260-M.jpg,https://covers.openlibrary.org/b/isbn/0465042260-S.jpg,,,https://x.com/search?q=from%3Apatrickcollison+Go+To&src=typed_query,,,,https://openlibrary.org/isbn/0465042260,http://amazon.com/dp/0465042260
This Explains Everything,,,0062230174,,0,,https://covers.openlibrary.org/b/isbn/0062230174-L.jpg,,read,"Deep, Beautiful, and Elegant Theories of How the World Works (Edge Question Series)",,,,,,,,,https://covers.openlibrary.org/b/isbn/0062230174-L.jpg,https://covers.openlibrary.org/b/isbn/0062230174-M.jpg,https://covers.openlibrary.org/b/isbn/0062230174-S.jpg,,,https://x.com/search?q=from%3Apatrickcollison+This+Explains+Everything&src=typed_query,,,,https://openlibrary.org/isbn/0062230174,http://amazon.com/dp/0062230174
The Viral Storm,,,125001221X,,0,,,,read,The Dawn of a New Pandemic Age,,,,,,,,,,,,,,https://x.com/search?q=from%3Apatrickcollison+The+Viral+Storm&src=typed_query,,,,https://openlibrary.org/search?q=125001221X,http://amazon.com/dp/125001221X
The World Without Us,,,0312427905,,0,,https://covers.openlibrary.org/b/isbn/0312427905-L.jpg,,read,,,,,,,,,,https://covers.openlibrary.org/b/isbn/0312427905-L.jpg,https://covers.openlibrary.org/b/isbn/0312427905-M.jpg,https://covers.openlibrary.org/b/isbn/0312427905-S.jpg,,,https://x.com/search?q=from%3Apatrickcollison+The+World+Without+Us&src=typed_query,,,,https://openlibrary.org/isbn/0312427905,http://amazon.com/dp/0312427905
"Fate, Time, and Language",,,0231151578,,0,,https://covers.openlibrary.org/b/isbn/0231151578-L.jpg,,read,An Essay on Free Will,,,,,,,,,https://covers.openlibrary.org/b/isbn/0231151578-L.jpg,https://covers.openlibrary.org/b/isbn/0231151578-M.jpg,https://covers.openlibrary.org/b/isbn/0231151578-S.jpg,,,https://x.com/search?q=from%3Apatrickcollison+Fate+Time+and+Language&src=typed_query,,,,https://openlibrary.org/isbn/0231151578,http://amazon.com/dp/0231151578
Historic San Francisco,,,187936705X,,0,,,,read,A Concise History and Guide,,,,,,,,,,,,,,https://x.com/search?q=from%3Apatrickcollison+Historic+San+Francisco&src=typed_query,,,,https://openlibrary.org/search?q=187936705X,http://amazon.com/dp/187936705X
Cairo,,,0345803515,,0,,https://covers.openlibrary.org/b/isbn/0345803515-L.jpg,,read,Memoir of a City Transformed,,,,,,,,,https://covers.openlibrary.org/b/isbn/0345803515-L.jpg,https://covers.openlibrary.org/b/isbn/0345803515-M.jpg,https://covers.openlibrary.org/b/isbn/0345803515-S.jpg,,,https://x.com/search?q=from%3Apatrickcollison+Cairo&src=typed_query,,,,https://openlibrary.org/isbn/0345803515,http://amazon.com/dp/0345803515
Isn't it Well for Ye?,,,1848271484,,0,,https://covers.openlibrary.org/b/isbn/1848271484-L.jpg,,read,,,,,,,,,,https://covers.openlibrary.org/b/isbn/1848271484-L.jpg,https://covers.openlibrary.org/b/isbn/1848271484-M.jpg,https://covers.openlibrary.org/b/isbn/1848271484-S.jpg,,,https://x.com/search?q=from%3Apatrickcollison+Isnt+it+Well+for+Ye&src=typed_query,,,,https://openlibrary.org/isbn/1848271484,http://amazon.com/dp/1848271484
Branding Terror,,,1858946018,,0,,https://covers.openlibrary.org/b/isbn/1858946018-L.jpg,,read,The Logotypes and Iconography of Insurgent Groups and Terrorist Organizations,,,,,,,,,https://covers.openlibrary.org/b/isbn/1858946018-L.jpg,https://covers.openlibrary.org/b/isbn/1858946018-M.jpg,https://covers.openlibrary.org/b/isbn/1858946018-S.jpg,,,https://x.com/search?q=from%3Apatrickcollison+Branding+Terror&src=typed_query,,,,https://openlibrary.org/isbn/1858946018,http://amazon.com/dp/1858946018
The Infinite Resource,,,161168255X,,0,,,,read,The Power of Ideas on a Finite Planet,,,,,,,,,,,,,,https://x.com/search?q=from%3Apatrickcollison+The+Infinite+Resource&src=typed_query,,,,https://openlibrary.org/search?q=161168255X,http://amazon.com/dp/161168255X
Epic Measures,,,0062237500,,0,,https://covers.openlibrary.org/b/isbn/0062237500-L.jpg,,read,One Doctor. Seven Billion Patients.,,,,,,,,,https://covers.openlibrary.org/b/isbn/0062237500-L.jpg,https://covers.openlibrary.org/b/isbn/0062237500-M.jpg,https://covers.openlibrary.org/b/isbn/0062237500-S.jpg,,,https://x.com/search?q=from%3Apatrickcollison+Epic+Measures&src=typed_query,,,,https://openlibrary.org/isbn/0062237500,http://amazon.com/dp/0062237500
J. Robert Oppenheimer,,,0195166736,,0,,https://covers.openlibrary.org/b/isbn/0195166736-L.jpg,,read,A Life,,,,,,,,,https://covers.openlibrary.org/b/isbn/0195166736-L.jpg,https://covers.openlibrary.org/b/isbn/0195166736-M.jpg,https://covers.openlibrary.org/b/isbn/0195166736-S.jpg,,,https://x.com/search?q=from%3Apatrickcollison+J+Robert+Oppenheimer&src=typed_query,,,,https://openlibrary.org/isbn/0195166736,http://amazon.com/dp/0195166736
The Age of Edison,,,B00FDVZ0RO,,0,,,,read,Electric Light and the Invention of Modern America (Penguin History American Life) (Hardback) - Common,,,,,,,,,,,,,,https://x.com/search?q=from%3Apatrickcollison+The+Age+of+Edison&src=typed_query,,,,https://openlibrary.org/search?q=B00FDVZ0RO,http://amazon.com/dp/B00FDVZ0RO
Payments Systems in the U.S. - Second Edition,,,0982789726,,0,,https://covers.openlibrary.org/b/isbn/0982789726-L.jpg,,read,,,,,,,,,,https://covers.openlibrary.org/b/isbn/0982789726-L.jpg,https://covers.openlibrary.org/b/isbn/0982789726-M.jpg,https://covers.openlibrary.org/b/isbn/0982789726-S.jpg,,,https://x.com/search?q=from%3Apatrickcollison+Payments+Systems+in+the+US++Second+Edition&src=typed_query,,,,https://openlibrary.org/isbn/0982789726,http://amazon.com/dp/0982789726
Mirror Worlds,,,019507906X,,0,,,,read,or the Day Software Puts the Universe in a Shoebox...How It Will Happen and What It Will Mean,,,,,,,,,,,,,,https://x.com/search?q=from%3Apatrickcollison+Mirror+Worlds&src=typed_query,,,,https://openlibrary.org/search?q=019507906X,http://amazon.com/dp/019507906X
A Confederacy of Dunces,,,0802130208,,0,,https://covers.openlibrary.org/b/isbn/0802130208-L.jpg,,read,,,,,,,,,,https://covers.openlibrary.org/b/isbn/0802130208-L.jpg,https://covers.openlibrary.org/b/isbn/0802130208-M.jpg,https://covers.openlibrary.org/b/isbn/0802130208-S.jpg,,,https://x.com/search?q=from%3Apatrickcollison+A+Confederacy+of+Dunces&src=typed_query,,,,https://openlibrary.org/isbn/0802130208,http://amazon.com/dp/0802130208
The Singularity Is Near,,,0670033847,,0,,https://covers.openlibrary.org/b/isbn/0670033847-L.jpg,,read,When Humans Transcend Biology,,,,,,,,,https://covers.openlibrary.org/b/isbn/0670033847-L.jpg,https://covers.openlibrary.org/b/isbn/0670033847-M.jpg,https://covers.openlibrary.org/b/isbn/0670033847-S.jpg,,,https://x.com/search?q=from%3Apatrickcollison+The+Singularity+Is+Near&src=typed_query,,,,https://openlibrary.org/isbn/0670033847,http://amazon.com/dp/0670033847
A Great Leap Forward,,,0300188161,,4,,https://covers.openlibrary.org/b/isbn/0300188161-L.jpg,,highly-recommended,1930s Depression and U.S. Economic Growth (Yale Series in Economic and Financial History),,,,,,,,,https://covers.openlibrary.org/b/isbn/0300188161-L.jpg,https://covers.openlibrary.org/b/isbn/0300188161-M.jpg,https://covers.openlibrary.org/b/isbn/0300188161-S.jpg,,,https://x.com/search?q=from%3Apatrickcollison+A+Great+Leap+Forward&src=typed_query,,,,https://openlibrary.org/isbn/0300188161,http://amazon.com/dp/0300188161
Andy Grove,,,1591841399,,0,,https://covers.openlibrary.org/b/isbn/1591841399-L.jpg,,read,The Life and Times of an American,,,,,,,,,https://covers.openlibrary.org/b/isbn/1591841399-L.jpg,https://covers.openlibrary.org/b/isbn/1591841399-M.jpg,https://covers.openlibrary.org/b/isbn/1591841399-S.jpg,,,https://x.com/search?q=from%3Apatrickcollison+Andy+Grove&src=typed_query,,,,https://openlibrary.org/isbn/1591841399,http://amazon.com/dp/1591841399
Out of the Blue Too,,,B00UM9Y0HS,,0,,,,read,More scary and often funny tales from the Royal Air Force and Friends,,,,,,,,,,,,,,https://x.com/search?q=from%3Apatrickcollison+Out+of+the+Blue+Too&src=typed_query,,,,https://openlibrary.org/search?q=B00UM9Y0HS,http://amazon.com/dp/B00UM9Y0HS
John Maynard Keynes,,,0143036157,,0,,https://covers.openlibrary.org/b/isbn/0143036157-L.jpg,,read,"1883-1946: Economist, Philosopher, Statesman",,,,,,,,,https://covers.openlibrary.org/b/isbn/0143036157-L.jpg,https://covers.openlibrary.org/b/isbn/0143036157-M.jpg,https://covers.openlibrary.org/b/isbn/0143036157-S.jpg,,,https://x.com/search?q=from%3Apatrickcollison+John+Maynard+Keynes&src=typed_query,,,,https://openlibrary.org/isbn/0143036157,http://amazon.com/dp/0143036157
Shark Bait,,,1500892505,,0,,https://covers.openlibrary.org/b/isbn/1500892505-L.jpg,,read,"The ""Misadventures"" of an Oceanic Ferry Pilot",,,,,,,,,https://covers.openlibrary.org/b/isbn/1500892505-L.jpg,https://covers.openlibrary.org/b/isbn/1500892505-M.jpg,https://covers.openlibrary.org/b/isbn/1500892505-S.jpg,,,https://x.com/search?q=from%3Apatrickcollison+Shark+Bait&src=typed_query,,,,https://openlibrary.org/isbn/1500892505,http://amazon.com/dp/1500892505
Go Set a Watchman,,,0062409859,,0,,https://covers.openlibrary.org/b/isbn/0062409859-L.jpg,,read,A Novel,,,,,,,,,https://covers.openlibrary.org/b/isbn/0062409859-L.jpg,https://covers.openlibrary.org/b/isbn/0062409859-M.jpg,https://covers.openlibrary.org/b/isbn/0062409859-S.jpg,,,https://x.com/search?q=from%3Apatrickcollison+Go+Set+a+Watchman&src=typed_query,,,,https://openlibrary.org/isbn/0062409859,http://amazon.com/dp/0062409859
Reinventing the Automobile,,,0262013827,,0,,https://covers.openlibrary.org/b/isbn/0262013827-L.jpg,,read,Personal Urban Mobility for the 21st Century,,,,,,,,,https://covers.openlibrary.org/b/isbn/0262013827-L.jpg,https://covers.openlibrary.org/b/isbn/0262013827-M.jpg,https://covers.openlibrary.org/b/isbn/0262013827-S.jpg,,,https://x.com/search?q=from%3Apatrickcollison+Reinventing+the+Automobile&src=typed_query,,,,https://openlibrary.org/isbn/0262013827,http://amazon.com/dp/0262013827
Ulysses,,,0679722769,,0,,https://covers.openlibrary.org/b/isbn/0679722769-L.jpg,,read,,,,,,,,,,https://covers.openlibrary.org/b/isbn/0679722769-L.jpg,https://covers.openlibrary.org/b/isbn/0679722769-M.jpg,https://covers.openlibrary.org/b/isbn/0679722769-S.jpg,,,https://x.com/search?q=from%3Apatrickcollison+Ulysses&src=typed_query,,,,https://openlibrary.org/isbn/0679722769,http://amazon.com/dp/0679722769
The Life-Changing Magic of Tidying Up,,,1607747308,,0,,https://covers.openlibrary.org/b/isbn/1607747308-L.jpg,,read,The Japanese Art of Decluttering and Organizing,,,,,,,,,https://covers.openlibrary.org/b/isbn/1607747308-L.jpg,https://covers.openlibrary.org/b/isbn/1607747308-M.jpg,https://covers.openlibrary.org/b/isbn/1607747308-S.jpg,,,https://x.com/search?q=from%3Apatrickcollison+The+LifeChanging+Magic+of+Tidying+Up&src=typed_query,,,,https://openlibrary.org/isbn/1607747308,http://amazon.com/dp/1607747308
Machine Learning,,,1420067184,,0,,https://covers.openlibrary.org/b/isbn/1420067184-L.jpg,,read,An Algorithmic Perspective (Chapman & Hall/Crc Machine Learning & Pattern Recognition),,,,,,,,,https://covers.openlibrary.org/b/isbn/1420067184-L.jpg,https://covers.openlibrary.org/b/isbn/1420067184-M.jpg,https://covers.openlibrary.org/b/isbn/1420067184-S.jpg,,,https://x.com/search?q=from%3Apatrickcollison+Machine+Learning&src=typed_query,,,,https://openlibrary.org/isbn/1420067184,http://amazon.com/dp/1420067184
Legacy,,,0195379616,,0,,https://covers.openlibrary.org/b/isbn/0195379616-L.jpg,,read,A Genetic History of the Jewish People,,,,,,,,,https://covers.openlibrary.org/b/isbn/0195379616-L.jpg,https://covers.openlibrary.org/b/isbn/0195379616-M.jpg,https://covers.openlibrary.org/b/isbn/0195379616-S.jpg,,,https://x.com/search?q=from%3Apatrickcollison+Legacy&src=typed_query,,,,https://openlibrary.org/isbn/0195379616,http://amazon.com/dp/0195379616
Flying the Alaska Wild,,,0896585891,,0,,https://covers.openlibrary.org/b/isbn/0896585891-L.jpg,,read,The Adventures and Misadventures of an Alaska Bush Pilot,,,,,,,,,https://covers.openlibrary.org/b/isbn/0896585891-L.jpg,https://covers.openlibrary.org/b/isbn/0896585891-M.jpg,https://covers.openlibrary.org/b/isbn/0896585891-S.jpg,,,https://x.com/search?q=from%3Apatrickcollison+Flying+the+Alaska+Wild&src=typed_query,,,,https://openlibrary.org/isbn/0896585891,http://amazon.com/dp/0896585891
Where Wizards Stay Up Late,,,0684832674,,0,,https://covers.openlibrary.org/b/isbn/0684832674-L.jpg,,read,The Origins Of The Internet,,,,,,,,,https://covers.openlibrary.org/b/isbn/0684832674-L.jpg,https://covers.openlibrary.org/b/isbn/0684832674-M.jpg,https://covers.openlibrary.org/b/isbn/0684832674-S.jpg,,,https://x.com/search?q=from%3Apatrickcollison+Where+Wizards+Stay+Up+Late&src=typed_query,,,,https://openlibrary.org/isbn/0684832674,http://amazon.com/dp/0684832674
Business Adventures,,,1497644895,,4,,https://covers.openlibrary.org/b/isbn/1497644895-L.jpg,,highly-recommended,Twelve Classic Tales from the World of Wall Street,,,,,,,,,https://covers.openlibrary.org/b/isbn/1497644895-L.jpg,https://covers.openlibrary.org/b/isbn/1497644895-M.jpg,https://covers.openlibrary.org/b/isbn/1497644895-S.jpg,,,https://x.com/search?q=from%3Apatrickcollison+Business+Adventures&src=typed_query,,,,https://openlibrary.org/isbn/1497644895,http://amazon.com/dp/1497644895
The Drunkard's Walk,,,0307275175,,0,,https://covers.openlibrary.org/b/isbn/0307275175-L.jpg,,read,How Randomness Rules Our Lives,,,,,,,,,https://covers.openlibrary.org/b/isbn/0307275175-L.jpg,https://covers.openlibrary.org/b/isbn/0307275175-M.jpg,https://covers.openlibrary.org/b/isbn/0307275175-S.jpg,,,https://x.com/search?q=from%3Apatrickcollison+The+Drunkards+Walk&src=typed_query,,,,https://openlibrary.org/isbn/0307275175,http://amazon.com/dp/0307275175
The Human Use Of Human Beings,,,0306803208,,0,,https://covers.openlibrary.org/b/isbn/0306803208-L.jpg,,read,Cybernetics And Society (The Da Capo series in science),,,,,,,,,https://covers.openlibrary.org/b/isbn/0306803208-L.jpg,https://covers.openlibrary.org/b/isbn/0306803208-M.jpg,https://covers.openlibrary.org/b/isbn/0306803208-S.jpg,,,https://x.com/search?q=from%3Apatrickcollison+The+Human+Use+Of+Human+Beings&src=typed_query,,,,https://openlibrary.org/isbn/0306803208,http://amazon.com/dp/0306803208
The Baffler (No. 12),,,1888984252,,0,,https://covers.openlibrary.org/b/isbn/1888984252-L.jpg,,read,,,,,,,,,,https://covers.openlibrary.org/b/isbn/1888984252-L.jpg,https://covers.openlibrary.org/b/isbn/1888984252-M.jpg,https://covers.openlibrary.org/b/isbn/1888984252-S.jpg,,,https://x.com/search?q=from%3Apatrickcollison+The+Baffler+No+12&src=typed_query,,,,https://openlibrary.org/isbn/1888984252,http://amazon.com/dp/1888984252
The Intelligent Investor,,,0060555661,,0,,https://covers.openlibrary.org/b/isbn/0060555661-L.jpg,,read,The Definitive Book on Value Investing. A Book of Practical Counsel (Revised Edition) (Collins Business Essentials),,,,,,,,,https://covers.openlibrary.org/b/isbn/0060555661-L.jpg,https://covers.openlibrary.org/b/isbn/0060555661-M.jpg,https://covers.openlibrary.org/b/isbn/0060555661-S.jpg,,,https://x.com/search?q=from%3Apatrickcollison+The+Intelligent+Investor&src=typed_query,,,,https://openlibrary.org/isbn/0060555661,http://amazon.com/dp/0060555661
The Murder of Roger Ackroyd,,,0062073567,,0,,https://covers.openlibrary.org/b/isbn/0062073567-L.jpg,,read,A Hercule Poirot Mystery (Hercule Poirot Mysteries),,,,,,,,,https://covers.openlibrary.org/b/isbn/0062073567-L.jpg,https://covers.openlibrary.org/b/isbn/0062073567-M.jpg,https://covers.openlibrary.org/b/isbn/0062073567-S.jpg,,,https://x.com/search?q=from%3Apatrickcollison+The+Murder+of+Roger+Ackroyd&src=typed_query,,,,https://openlibrary.org/isbn/0062073567,http://amazon.com/dp/0062073567
The Machinery of Life,,,0387849246,,0,,https://covers.openlibrary.org/b/isbn/0387849246-L.jpg,,read,,,,,,,,,,https://covers.openlibrary.org/b/isbn/0387849246-L.jpg,https://covers.openlibrary.org/b/isbn/0387849246-M.jpg,https://covers.openlibrary.org/b/isbn/0387849246-S.jpg,,,https://x.com/search?q=from%3Apatrickcollison+The+Machinery+of+Life&src=typed_query,,,,https://openlibrary.org/isbn/0387849246,http://amazon.com/dp/0387849246
Polemics,,,1844670899,,0,,https://covers.openlibrary.org/b/isbn/1844670899-L.jpg,,read,,,,,,,,,,https://covers.openlibrary.org/b/isbn/1844670899-L.jpg,https://covers.openlibrary.org/b/isbn/1844670899-M.jpg,https://covers.openlibrary.org/b/isbn/1844670899-S.jpg,,,https://x.com/search?q=from%3Apatrickcollison+Polemics&src=typed_query,,,,https://openlibrary.org/isbn/1844670899,http://amazon.com/dp/1844670899
The Master and Margarita,,,0679760806,,0,,https://covers.openlibrary.org/b/isbn/0679760806-L.jpg,,read,,,,,,,,,,https://covers.openlibrary.org/b/isbn/0679760806-L.jpg,https://covers.openlibrary.org/b/isbn/0679760806-M.jpg,https://covers.openlibrary.org/b/isbn/0679760806-S.jpg,,,https://x.com/search?q=from%3Apatrickcollison+The+Master+and+Margarita&src=typed_query,,,,https://openlibrary.org/isbn/0679760806,http://amazon.com/dp/0679760806
Anthropic Bias,,,B00FVTSFK2,,5,,,,favorites,Observation Selection Effects in Science and Philosophy,,,,,,,,,,,,,,https://x.com/search?q=from%3Apatrickcollison+Anthropic+Bias&src=typed_query,,,,https://openlibrary.org/search?q=B00FVTSFK2,http://amazon.com/dp/B00FVTSFK2
The Character of Physical Law,,,0262560038,,0,,https://covers.openlibrary.org/b/isbn/0262560038-L.jpg,,read,,,,,,,,,,https://covers.openlibrary.org/b/isbn/0262560038-L.jpg,https://covers.openlibrary.org/b/isbn/0262560038-M.jpg,https://covers.openlibrary.org/b/isbn/0262560038-S.jpg,,,https://x.com/search?q=from%3Apatrickcollison+The+Character+of+Physical+Law&src=typed_query,,,,https://openlibrary.org/isbn/0262560038,http://amazon.com/dp/0262560038
Battle Royale,,,156931778X,,0,,,,read,,,,,,,,,,,,,,,https://x.com/search?q=from%3Apatrickcollison+Battle+Royale&src=typed_query,,,,https://openlibrary.org/search?q=156931778X,http://amazon.com/dp/156931778X
The Bell System Technical Journal,,,B005HFKGYS,,0,,,,read,"July-August 1978, Vol 57 No. 6 Pt. 2 , UNIX Time-Sharing System",,,,,,,,,,,,,,https://x.com/search?q=from%3Apatrickcollison+The+Bell+System+Technical+Journal&src=typed_query,,,,https://openlibrary.org/search?q=B005HFKGYS,http://amazon.com/dp/B005HFKGYS
WikiLeaks,,,161039061X,,0,,,,read,Inside Julian Assange's War on Secrecy,,,,,,,,,,,,,,https://x.com/search?q=from%3Apatrickcollison+WikiLeaks&src=typed_query,,,,https://openlibrary.org/search?q=161039061X,http://amazon.com/dp/161039061X
Sands of Mars,,,0283983515,,0,,https://covers.openlibrary.org/b/isbn/0283983515-L.jpg,,read,,,,,,,,,,https://covers.openlibrary.org/b/isbn/0283983515-L.jpg,https://covers.openlibrary.org/b/isbn/0283983515-M.jpg,https://covers.openlibrary.org/b/isbn/0283983515-S.jpg,,,https://x.com/search?q=from%3Apatrickcollison+Sands+of+Mars&src=typed_query,,,,https://openlibrary.org/isbn/0283983515,http://amazon.com/dp/0283983515
A Mathematician's Apology,,,0521052076,,0,,https://covers.openlibrary.org/b/isbn/0521052076-L.jpg,,read,,,,,,,,,,https://covers.openlibrary.org/b/isbn/0521052076-L.jpg,https://covers.openlibrary.org/b/isbn/0521052076-M.jpg,https://covers.openlibrary.org/b/isbn/0521052076-S.jpg,,,https://x.com/search?q=from%3Apatrickcollison+A+Mathematicians+Apology&src=typed_query,,,,https://openlibrary.org/isbn/0521052076,http://amazon.com/dp/0521052076
Computer Lib/Dream Machines,,,0914845497,,4,,https://covers.openlibrary.org/b/isbn/0914845497-L.jpg,,highly-recommended,,,,,,,,,,https://covers.openlibrary.org/b/isbn/0914845497-L.jpg,https://covers.openlibrary.org/b/isbn/0914845497-M.jpg,https://covers.openlibrary.org/b/isbn/0914845497-S.jpg,,,https://x.com/search?q=from%3Apatrickcollison+Computer+LibDream+Machines&src=typed_query,,,,https://openlibrary.org/isbn/0914845497,http://amazon.com/dp/0914845497
The Computer and the Brain,,,0300007930,,0,,https://covers.openlibrary.org/b/isbn/0300007930-L.jpg,,read,,,,,,,,,,https://covers.openlibrary.org/b/isbn/0300007930-L.jpg,https://covers.openlibrary.org/b/isbn/0300007930-M.jpg,https://covers.openlibrary.org/b/isbn/0300007930-S.jpg,,,https://x.com/search?q=from%3Apatrickcollison+The+Computer+and+the+Brain&src=typed_query,,,,https://openlibrary.org/isbn/0300007930,http://amazon.com/dp/0300007930
The Irony of American History,,,0226583988,,0,,https://covers.openlibrary.org/b/isbn/0226583988-L.jpg,,read,,,,,,,,,,https://covers.openlibrary.org/b/isbn/0226583988-L.jpg,https://covers.openlibrary.org/b/isbn/0226583988-M.jpg,https://covers.openlibrary.org/b/isbn/0226583988-S.jpg,,,https://x.com/search?q=from%3Apatrickcollison+The+Irony+of+American+History&src=typed_query,,,,https://openlibrary.org/isbn/0226583988,http://amazon.com/dp/0226583988
The Sovereign Individual,,,0684832720,,0,,https://covers.openlibrary.org/b/isbn/0684832720-L.jpg,,read,Mastering the Transition to the Information Age,,,,,,,,,https://covers.openlibrary.org/b/isbn/0684832720-L.jpg,https://covers.openlibrary.org/b/isbn/0684832720-M.jpg,https://covers.openlibrary.org/b/isbn/0684832720-S.jpg,,,https://x.com/search?q=from%3Apatrickcollison+The+Sovereign+Individual&src=typed_query,,,,https://openlibrary.org/isbn/0684832720,http://amazon.com/dp/0684832720
The Goal,,,0884271951,,0,,https://covers.openlibrary.org/b/isbn/0884271951-L.jpg,,read,A Process of Ongoing Improvement,,,,,,,,,https://covers.openlibrary.org/b/isbn/0884271951-L.jpg,https://covers.openlibrary.org/b/isbn/0884271951-M.jpg,https://covers.openlibrary.org/b/isbn/0884271951-S.jpg,,,https://x.com/search?q=from%3Apatrickcollison+The+Goal&src=typed_query,,,,https://openlibrary.org/isbn/0884271951,http://amazon.com/dp/0884271951
Bootstrapping,,,0804738718,,0,,https://covers.openlibrary.org/b/isbn/0804738718-L.jpg,,read,"Douglas Engelbart, Coevolution, and the Origins of Personal Computing",,,,,,,,,https://covers.openlibrary.org/b/isbn/0804738718-L.jpg,https://covers.openlibrary.org/b/isbn/0804738718-M.jpg,https://covers.openlibrary.org/b/isbn/0804738718-S.jpg,,,https://x.com/search?q=from%3Apatrickcollison+Bootstrapping&src=typed_query,,,,https://openlibrary.org/isbn/0804738718,http://amazon.com/dp/0804738718
The Upside of Stress,,,1583335617,,0,,https://covers.openlibrary.org/b/isbn/1583335617-L.jpg,,read,"Why Stress Is Good for You, and How to Get Good at It",,,,,,,,,https://covers.openlibrary.org/b/isbn/1583335617-L.jpg,https://covers.openlibrary.org/b/isbn/1583335617-M.jpg,https://covers.openlibrary.org/b/isbn/1583335617-S.jpg,,,https://x.com/search?q=from%3Apatrickcollison+The+Upside+of+Stress&src=typed_query,,,,https://openlibrary.org/isbn/1583335617,http://amazon.com/dp/1583335617
The Rain Forests of Home,,,1559634804,,0,,https://covers.openlibrary.org/b/isbn/1559634804-L.jpg,,read,Profile Of A North American Bioregion,,,,,,,,,https://covers.openlibrary.org/b/isbn/1559634804-L.jpg,https://covers.openlibrary.org/b/isbn/1559634804-M.jpg,https://covers.openlibrary.org/b/isbn/1559634804-S.jpg,,,https://x.com/search?q=from%3Apatrickcollison+The+Rain+Forests+of+Home&src=typed_query,,,,https://openlibrary.org/isbn/1559634804,http://amazon.com/dp/1559634804
Smalltalk Best Practice Patterns,,,013476904X,,0,,,,read,,,,,,,,,,,,,,,https://x.com/search?q=from%3Apatrickcollison+Smalltalk+Best+Practice+Patterns&src=typed_query,,,,https://openlibrary.org/search?q=013476904X,http://amazon.com/dp/013476904X
The Party,,,0061708771,,0,,https://covers.openlibrary.org/b/isbn/0061708771-L.jpg,,read,The Secret World of China's Communist Rulers,,,,,,,,,https://covers.openlibrary.org/b/isbn/0061708771-L.jpg,https://covers.openlibrary.org/b/isbn/0061708771-M.jpg,https://covers.openlibrary.org/b/isbn/0061708771-S.jpg,,,https://x.com/search?q=from%3Apatrickcollison+The+Party&src=typed_query,,,,https://openlibrary.org/isbn/0061708771,http://amazon.com/dp/0061708771
The Innovators,,,147670869X,,0,,,,read,"How a Group of Hackers, Geniuses, and Geeks Created the Digital Revolution",,,,,,,,,,,,,,https://x.com/search?q=from%3Apatrickcollison+The+Innovators&src=typed_query,,,,https://openlibrary.org/search?q=147670869X,http://amazon.com/dp/147670869X
Visual Explanations,,,0961392126,,0,,https://covers.openlibrary.org/b/isbn/0961392126-L.jpg,,read,"Images and Quantities, Evidence and Narrative",,,,,,,,,https://covers.openlibrary.org/b/isbn/0961392126-L.jpg,https://covers.openlibrary.org/b/isbn/0961392126-M.jpg,https://covers.openlibrary.org/b/isbn/0961392126-S.jpg,,,https://x.com/search?q=from%3Apatrickcollison+Visual+Explanations&src=typed_query,,,,https://openlibrary.org/isbn/0961392126,http://amazon.com/dp/0961392126
A Window on Eternity,,,1476747415,,0,,https://covers.openlibrary.org/b/isbn/1476747415-L.jpg,,read,A Biologist's Walk Through Gorongosa National Park,,,,,,,,,https://covers.openlibrary.org/b/isbn/1476747415-L.jpg,https://covers.openlibrary.org/b/isbn/1476747415-M.jpg,https://covers.openlibrary.org/b/isbn/1476747415-S.jpg,,,https://x.com/search?q=from%3Apatrickcollison+A+Window+on+Eternity&src=typed_query,,,,https://openlibrary.org/isbn/1476747415,http://amazon.com/dp/1476747415
The Society of Mind,,,0671657135,,0,,https://covers.openlibrary.org/b/isbn/0671657135-L.jpg,,read,,,,,,,,,,https://covers.openlibrary.org/b/isbn/0671657135-L.jpg,https://covers.openlibrary.org/b/isbn/0671657135-M.jpg,https://covers.openlibrary.org/b/isbn/0671657135-S.jpg,,,https://x.com/search?q=from%3Apatrickcollison+The+Society+of+Mind&src=typed_query,,,,https://openlibrary.org/isbn/0671657135,http://amazon.com/dp/0671657135
The National Parks,,,0307268969,,0,,https://covers.openlibrary.org/b/isbn/0307268969-L.jpg,,read,America's Best Idea,,,,,,,,,https://covers.openlibrary.org/b/isbn/0307268969-L.jpg,https://covers.openlibrary.org/b/isbn/0307268969-M.jpg,https://covers.openlibrary.org/b/isbn/0307268969-S.jpg,,,https://x.com/search?q=from%3Apatrickcollison+The+National+Parks&src=typed_query,,,,https://openlibrary.org/isbn/0307268969,http://amazon.com/dp/0307268969
Codex Seraphinianus,,,0847842134,,0,,https://covers.openlibrary.org/b/isbn/0847842134-L.jpg,,read,,,,,,,,,,https://covers.openlibrary.org/b/isbn/0847842134-L.jpg,https://covers.openlibrary.org/b/isbn/0847842134-M.jpg,https://covers.openlibrary.org/b/isbn/0847842134-S.jpg,,,https://x.com/search?q=from%3Apatrickcollison+Codex+Seraphinianus&src=typed_query,,,,https://openlibrary.org/isbn/0847842134,http://amazon.com/dp/0847842134
The Fringes of Power,,,0393022234,,0,,https://covers.openlibrary.org/b/isbn/0393022234-L.jpg,,read,"10 Downing Street Diaries, 1939-1955",,,,,,,,,https://covers.openlibrary.org/b/isbn/0393022234-L.jpg,https://covers.openlibrary.org/b/isbn/0393022234-M.jpg,https://covers.openlibrary.org/b/isbn/0393022234-S.jpg,,,https://x.com/search?q=from%3Apatrickcollison+The+Fringes+of+Power&src=typed_query,,,,https://openlibrary.org/isbn/0393022234,http://amazon.com/dp/0393022234
This Will Make You Smarter,,,085752111X,,0,,,,read,,,,,,,,,,,,,,,https://x.com/search?q=from%3Apatrickcollison+This+Will+Make+You+Smarter&src=typed_query,,,,https://openlibrary.org/search?q=085752111X,http://amazon.com/dp/085752111X
Death in Florence,,,160598826X,,0,,,,read,"The Medici, Savonarola, and the Battle for the Soul of a Renaissance City",,,,,,,,,,,,,,https://x.com/search?q=from%3Apatrickcollison+Death+in+Florence&src=typed_query,,,,https://openlibrary.org/search?q=160598826X,http://amazon.com/dp/160598826X
Battle Cry of Freedom,,,0195038630,,0,,https://covers.openlibrary.org/b/isbn/0195038630-L.jpg,,read,The Civil War Era,,,,,,,,,https://covers.openlibrary.org/b/isbn/0195038630-L.jpg,https://covers.openlibrary.org/b/isbn/0195038630-M.jpg,https://covers.openlibrary.org/b/isbn/0195038630-S.jpg,,,https://x.com/search?q=from%3Apatrickcollison+Battle+Cry+of+Freedom&src=typed_query,,,,https://openlibrary.org/isbn/0195038630,http://amazon.com/dp/0195038630
Mathematics and Plausible Reasoning,,,1614275572,,0,,https://covers.openlibrary.org/b/isbn/1614275572-L.jpg,,read,,,,,,,,,,https://covers.openlibrary.org/b/isbn/1614275572-L.jpg,https://covers.openlibrary.org/b/isbn/1614275572-M.jpg,https://covers.openlibrary.org/b/isbn/1614275572-S.jpg,,,https://x.com/search?q=from%3Apatrickcollison+Mathematics+and+Plausible+Reasoning&src=typed_query,,,,https://openlibrary.org/isbn/1614275572,http://amazon.com/dp/1614275572
The Letters of Anton Chekhov,,,1421807025,,0,,https://covers.openlibrary.org/b/isbn/1421807025-L.jpg,,read,,,,,,,,,,https://covers.openlibrary.org/b/isbn/1421807025-L.jpg,https://covers.openlibrary.org/b/isbn/1421807025-M.jpg,https://covers.openlibrary.org/b/isbn/1421807025-S.jpg,,,https://x.com/search?q=from%3Apatrickcollison+The+Letters+of+Anton+Chekhov&src=typed_query,,,,https://openlibrary.org/isbn/1421807025,http://amazon.com/dp/1421807025
The Heavenly City of the Eighteenth-Century Philosophers,,,0300101503,,0,,https://covers.openlibrary.org/b/isbn/0300101503-L.jpg,,read,,,,,,,,,,https://covers.openlibrary.org/b/isbn/0300101503-L.jpg,https://covers.openlibrary.org/b/isbn/0300101503-M.jpg,https://covers.openlibrary.org/b/isbn/0300101503-S.jpg,,,https://x.com/search?q=from%3Apatrickcollison+The+Heavenly+City+of+the+EighteenthCentury+Philosophers&src=typed_query,,,,https://openlibrary.org/isbn/0300101503,http://amazon.com/dp/0300101503
A Beautiful Question,,,1594205264,,0,,https://covers.openlibrary.org/b/isbn/1594205264-L.jpg,,read,Finding Nature's Deep Design,,,,,,,,,https://covers.openlibrary.org/b/isbn/1594205264-L.jpg,https://covers.openlibrary.org/b/isbn/1594205264-M.jpg,https://covers.openlibrary.org/b/isbn/1594205264-S.jpg,,,https://x.com/search?q=from%3Apatrickcollison+A+Beautiful+Question&src=typed_query,,,,https://openlibrary.org/isbn/1594205264,http://amazon.com/dp/1594205264
The Move beyond Form,,,1137310170,,0,,https://covers.openlibrary.org/b/isbn/1137310170-L.jpg,,read,Creative Undoing in Literature and the Arts since 1960,,,,,,,,,https://covers.openlibrary.org/b/isbn/1137310170-L.jpg,https://covers.openlibrary.org/b/isbn/1137310170-M.jpg,https://covers.openlibrary.org/b/isbn/1137310170-S.jpg,,,https://x.com/search?q=from%3Apatrickcollison+The+Move+beyond+Form&src=typed_query,,,,https://openlibrary.org/isbn/1137310170,http://amazon.com/dp/1137310170
The Knowledge,,,0143127047,,0,,https://covers.openlibrary.org/b/isbn/0143127047-L.jpg,,read,How to Rebuild Civilization in the Aftermath of a Cataclysm,,,,,,,,,https://covers.openlibrary.org/b/isbn/0143127047-L.jpg,https://covers.openlibrary.org/b/isbn/0143127047-M.jpg,https://covers.openlibrary.org/b/isbn/0143127047-S.jpg,,,https://x.com/search?q=from%3Apatrickcollison+The+Knowledge&src=typed_query,,,,https://openlibrary.org/isbn/0143127047,http://amazon.com/dp/0143127047
"Small Wars, Faraway Places",,,0670025453,,0,,https://covers.openlibrary.org/b/isbn/0670025453-L.jpg,,read,"Global Insurrection and the Making of the Modern World, 1945-1965",,,,,,,,,https://covers.openlibrary.org/b/isbn/0670025453-L.jpg,https://covers.openlibrary.org/b/isbn/0670025453-M.jpg,https://covers.openlibrary.org/b/isbn/0670025453-S.jpg,,,https://x.com/search?q=from%3Apatrickcollison+Small+Wars+Faraway+Places&src=typed_query,,,,https://openlibrary.org/isbn/0670025453,http://amazon.com/dp/0670025453
This Will Change Everything,,,0061899674,,0,,https://covers.openlibrary.org/b/isbn/0061899674-L.jpg,,read,Ideas That Will Shape the Future (Edge Question Series),,,,,,,,,https://covers.openlibrary.org/b/isbn/0061899674-L.jpg,https://covers.openlibrary.org/b/isbn/0061899674-M.jpg,https://covers.openlibrary.org/b/isbn/0061899674-S.jpg,,,https://x.com/search?q=from%3Apatrickcollison+This+Will+Change+Everything&src=typed_query,,,,https://openlibrary.org/isbn/0061899674,http://amazon.com/dp/0061899674
Memory Machines,,,0857280600,,0,,https://covers.openlibrary.org/b/isbn/0857280600-L.jpg,,read,The Evolution of Hypertext (Anthem Scholarship in the Digital Age),,,,,,,,,https://covers.openlibrary.org/b/isbn/0857280600-L.jpg,https://covers.openlibrary.org/b/isbn/0857280600-M.jpg,https://covers.openlibrary.org/b/isbn/0857280600-S.jpg,,,https://x.com/search?q=from%3Apatrickcollison+Memory+Machines&src=typed_query,,,,https://openlibrary.org/isbn/0857280600,http://amazon.com/dp/0857280600
Dune,,,044100590X,,0,,,,read,,,,,,,,,,,,,,,https://x.com/search?q=from%3Apatrickcollison+Dune&src=typed_query,,,,https://openlibrary.org/search?q=044100590X,http://amazon.com/dp/044100590X
Saint-Exupery,,,0679403108,,0,,https://covers.openlibrary.org/b/isbn/0679403108-L.jpg,,read,A Biography,,,,,,,,,https://covers.openlibrary.org/b/isbn/0679403108-L.jpg,https://covers.openlibrary.org/b/isbn/0679403108-M.jpg,https://covers.openlibrary.org/b/isbn/0679403108-S.jpg,,,https://x.com/search?q=from%3Apatrickcollison+SaintExupery&src=typed_query,,,,https://openlibrary.org/isbn/0679403108,http://amazon.com/dp/0679403108
Kissinger,,,1594206538,,0,,https://covers.openlibrary.org/b/isbn/1594206538-L.jpg,,read,1923-1968: The Idealist,,,,,,,,,https://covers.openlibrary.org/b/isbn/1594206538-L.jpg,https://covers.openlibrary.org/b/isbn/1594206538-M.jpg,https://covers.openlibrary.org/b/isbn/1594206538-S.jpg,,,https://x.com/search?q=from%3Apatrickcollison+Kissinger&src=typed_query,,,,https://openlibrary.org/isbn/1594206538,http://amazon.com/dp/1594206538
How the Internet Became Commercial,,,0691167362,,0,,https://covers.openlibrary.org/b/isbn/0691167362-L.jpg,,read,"Innovation, Privatization, and the Birth of a New Network (The Kauffman Foundation Series on Innovation and Entrepreneurship)",,,,,,,,,https://covers.openlibrary.org/b/isbn/0691167362-L.jpg,https://covers.openlibrary.org/b/isbn/0691167362-M.jpg,https://covers.openlibrary.org/b/isbn/0691167362-S.jpg,,,https://x.com/search?q=from%3Apatrickcollison+How+the+Internet+Became+Commercial&src=typed_query,,,,https://openlibrary.org/isbn/0691167362,http://amazon.com/dp/0691167362
Functional Differential Geometry,,,0262019345,,0,,https://covers.openlibrary.org/b/isbn/0262019345-L.jpg,,read,,,,,,,,,,https://covers.openlibrary.org/b/isbn/0262019345-L.jpg,https://covers.openlibrary.org/b/isbn/0262019345-M.jpg,https://covers.openlibrary.org/b/isbn/0262019345-S.jpg,,,https://x.com/search?q=from%3Apatrickcollison+Functional+Differential+Geometry&src=typed_query,,,,https://openlibrary.org/isbn/0262019345,http://amazon.com/dp/0262019345
The Dark Forest,,,076537708X,,0,,,,read,,,,,,,,,,,,,,,https://x.com/search?q=from%3Apatrickcollison+The+Dark+Forest&src=typed_query,,,,https://openlibrary.org/search?q=076537708X,http://amazon.com/dp/076537708X
Genghis Khan,,,0306823950,,0,,https://covers.openlibrary.org/b/isbn/0306823950-L.jpg,,read,"His Conquests, His Empire, His Legacy",,,,,,,,,https://covers.openlibrary.org/b/isbn/0306823950-L.jpg,https://covers.openlibrary.org/b/isbn/0306823950-M.jpg,https://covers.openlibrary.org/b/isbn/0306823950-S.jpg,,,https://x.com/search?q=from%3Apatrickcollison+Genghis+Khan&src=typed_query,,,,https://openlibrary.org/isbn/0306823950,http://amazon.com/dp/0306823950
Writing to the Moment,,,0571175813,,0,,https://covers.openlibrary.org/b/isbn/0571175813-L.jpg,,read,"Selected Critical Essays, 1980-95",,,,,,,,,https://covers.openlibrary.org/b/isbn/0571175813-L.jpg,https://covers.openlibrary.org/b/isbn/0571175813-M.jpg,https://covers.openlibrary.org/b/isbn/0571175813-S.jpg,,,https://x.com/search?q=from%3Apatrickcollison+Writing+to+the+Moment&src=typed_query,,,,https://openlibrary.org/isbn/0571175813,http://amazon.com/dp/0571175813
The Invention of Nature,,,038535066X,,0,,,,read,Alexander von Humboldt's New World,,,,,,,,,,,,,,https://x.com/search?q=from%3Apatrickcollison+The+Invention+of+Nature&src=typed_query,,,,https://openlibrary.org/search?q=038535066X,http://amazon.com/dp/038535066X
America Between the Wars,,,1586487051,,0,,https://covers.openlibrary.org/b/isbn/1586487051-L.jpg,,read,From 11/9 to 9/11; The Misunderstood Years Between the Fall of the Berlin Wall and the Start of the War on Terror,,,,,,,,,https://covers.openlibrary.org/b/isbn/1586487051-L.jpg,https://covers.openlibrary.org/b/isbn/1586487051-M.jpg,https://covers.openlibrary.org/b/isbn/1586487051-S.jpg,,,https://x.com/search?q=from%3Apatrickcollison+America+Between+the+Wars&src=typed_query,,,,https://openlibrary.org/isbn/1586487051,http://amazon.com/dp/1586487051
The Black Jacobins,,,0679724672,,0,,https://covers.openlibrary.org/b/isbn/0679724672-L.jpg,,read,Toussaint L'Ouverture and the San Domingo Revolution,,,,,,,,,https://covers.openlibrary.org/b/isbn/0679724672-L.jpg,https://covers.openlibrary.org/b/isbn/0679724672-M.jpg,https://covers.openlibrary.org/b/isbn/0679724672-S.jpg,,,https://x.com/search?q=from%3Apatrickcollison+The+Black+Jacobins&src=typed_query,,,,https://openlibrary.org/isbn/0679724672,http://amazon.com/dp/0679724672
The Fabric of Reality,,,014027541X,,0,,,,read,The Science of Parallel Universes--and Its Implications,,,,,,,,,,,,,,https://x.com/search?q=from%3Apatrickcollison+The+Fabric+of+Reality&src=typed_query,,,,https://openlibrary.org/search?q=014027541X,http://amazon.com/dp/014027541X
Money Game,,,0394721039,,0,,https://covers.openlibrary.org/b/isbn/0394721039-L.jpg,,read,,,,,,,,,,https://covers.openlibrary.org/b/isbn/0394721039-L.jpg,https://covers.openlibrary.org/b/isbn/0394721039-M.jpg,https://covers.openlibrary.org/b/isbn/0394721039-S.jpg,,,https://x.com/search?q=from%3Apatrickcollison+Money+Game&src=typed_query,,,,https://openlibrary.org/isbn/0394721039,http://amazon.com/dp/0394721039
The Spectator,,,019818610X,,0,,,,read,Volume 1,,,,,,,,,,,,,,https://x.com/search?q=from%3Apatrickcollison+The+Spectator&src=typed_query,,,,https://openlibrary.org/search?q=019818610X,http://amazon.com/dp/019818610X
My First Trip to China,,,9881604621,,0,,https://covers.openlibrary.org/b/isbn/9881604621-L.jpg,,read,"Scholars, Diplomats, and Journalists Reflect on their First Encounters with China",,,,,,,,,https://covers.openlibrary.org/b/isbn/9881604621-L.jpg,https://covers.openlibrary.org/b/isbn/9881604621-M.jpg,https://covers.openlibrary.org/b/isbn/9881604621-S.jpg,,,https://x.com/search?q=from%3Apatrickcollison+My+First+Trip+to+China&src=typed_query,,,,https://openlibrary.org/isbn/9881604621,http://amazon.com/dp/9881604621
Back to Barbary Lane,,,0060166495,,0,,https://covers.openlibrary.org/b/isbn/0060166495-L.jpg,,read,The Final Tales of the City Omnibus,,,,,,,,,https://covers.openlibrary.org/b/isbn/0060166495-L.jpg,https://covers.openlibrary.org/b/isbn/0060166495-M.jpg,https://covers.openlibrary.org/b/isbn/0060166495-S.jpg,,,https://x.com/search?q=from%3Apatrickcollison+Back+to+Barbary+Lane&src=typed_query,,,,https://openlibrary.org/isbn/0060166495,http://amazon.com/dp/0060166495
Charlie Munger,,,023117098X,,0,,,,read,The Complete Investor,,,,,,,,,,,,,,https://x.com/search?q=from%3Apatrickcollison+Charlie+Munger&src=typed_query,,,,https://openlibrary.org/search?q=023117098X,http://amazon.com/dp/023117098X
The Missing Risk Premium,,,1470110970,,0,,https://covers.openlibrary.org/b/isbn/1470110970-L.jpg,,read,Why Low Volatility Investing Works,,,,,,,,,https://covers.openlibrary.org/b/isbn/1470110970-L.jpg,https://covers.openlibrary.org/b/isbn/1470110970-M.jpg,https://covers.openlibrary.org/b/isbn/1470110970-S.jpg,,,https://x.com/search?q=from%3Apatrickcollison+The+Missing+Risk+Premium&src=typed_query,,,,https://openlibrary.org/isbn/1470110970,http://amazon.com/dp/1470110970
Sum,,,0307389936,,4,,https://covers.openlibrary.org/b/isbn/0307389936-L.jpg,,highly-recommended,Forty Tales from the Afterlives,,,,,,,,,https://covers.openlibrary.org/b/isbn/0307389936-L.jpg,https://covers.openlibrary.org/b/isbn/0307389936-M.jpg,https://covers.openlibrary.org/b/isbn/0307389936-S.jpg,,,https://x.com/search?q=from%3Apatrickcollison+Sum&src=typed_query,,,,https://openlibrary.org/isbn/0307389936,http://amazon.com/dp/0307389936
"Extrapolation, Interpolation, and Smoothing of Stationary Time Series",,,0262730057,,0,,https://covers.openlibrary.org/b/isbn/0262730057-L.jpg,,read,With Engineering Applications (M.I.T. Press Paperback Series),,,,,,,,,https://covers.openlibrary.org/b/isbn/0262730057-L.jpg,https://covers.openlibrary.org/b/isbn/0262730057-M.jpg,https://covers.openlibrary.org/b/isbn/0262730057-S.jpg,,,https://x.com/search?q=from%3Apatrickcollison+Extrapolation+Interpolation+and+Smoothing+of+Stationary+Time&src=typed_query,,,,https://openlibrary.org/isbn/0262730057,http://amazon.com/dp/0262730057
Computers and the World of the Future,,,0262570025,,0,,https://covers.openlibrary.org/b/isbn/0262570025-L.jpg,,read,,,,,,,,,,https://covers.openlibrary.org/b/isbn/0262570025-L.jpg,https://covers.openlibrary.org/b/isbn/0262570025-M.jpg,https://covers.openlibrary.org/b/isbn/0262570025-S.jpg,,,https://x.com/search?q=from%3Apatrickcollison+Computers+and+the+World+of+the+Future&src=typed_query,,,,https://openlibrary.org/isbn/0262570025,http://amazon.com/dp/0262570025
How to Win Friends & Influence People,,,067142517X,,0,,,,read,,,,,,,,,,,,,,,https://x.com/search?q=from%3Apatrickcollison+How+to+Win+Friends++Influence+People&src=typed_query,,,,https://openlibrary.org/search?q=067142517X,http://amazon.com/dp/067142517X
"The Right Stuff, Revised Edition",,,,,0,,,,read,,,,,,,,,,,,,,,https://x.com/search?q=from%3Apatrickcollison+The+Right+Stuff+Revised+Edition&src=typed_query,,,,,http://www.amazon.com/gp/product/B001ILV982?keywords=tom%20wolfe%20the%20right%20stuff&qid=1448083608&ref_=sr_1_cc_2&s=aps&sr=1-2-catcorr
"Trees of Golden Gate Park and San Francisco, The",,,1890771287,,0,,https://covers.openlibrary.org/b/isbn/1890771287-L.jpg,,read,,,,,,,,,,https://covers.openlibrary.org/b/isbn/1890771287-L.jpg,https://covers.openlibrary.org/b/isbn/1890771287-M.jpg,https://covers.openlibrary.org/b/isbn/1890771287-S.jpg,,,https://x.com/search?q=from%3Apatrickcollison+Trees+of+Golden+Gate+Park+and+San+Francisco+The&src=typed_query,,,,https://openlibrary.org/isbn/1890771287,http://amazon.com/dp/1890771287
Private Pilot and Recreational Pilot FAA Knowledge Test 2010,,,1581947771,,0,,https://covers.openlibrary.org/b/isbn/1581947771-L.jpg,,read,For the FAA Computer-based Pilot Knowledge Test,,,,,,,,,https://covers.openlibrary.org/b/isbn/1581947771-L.jpg,https://covers.openlibrary.org/b/isbn/1581947771-M.jpg,https://covers.openlibrary.org/b/isbn/1581947771-S.jpg,,,https://x.com/search?q=from%3Apatrickcollison+Private+Pilot+and+Recreational+Pilot+FAA+Knowledge+Test+2010&src=typed_query,,,,https://openlibrary.org/isbn/1581947771,http://amazon.com/dp/1581947771
Cooking as Courtship (Under Structure),,,0965706915,,0,,https://covers.openlibrary.org/b/isbn/0965706915-L.jpg,,read,,,,,,,,,,https://covers.openlibrary.org/b/isbn/0965706915-L.jpg,https://covers.openlibrary.org/b/isbn/0965706915-M.jpg,https://covers.openlibrary.org/b/isbn/0965706915-S.jpg,,,https://x.com/search?q=from%3Apatrickcollison+Cooking+as+Courtship+Under+Structure&src=typed_query,,,,https://openlibrary.org/isbn/0965706915,http://amazon.com/dp/0965706915
Possiplex,,,089347004X,,0,,,,read,,,,,,,,,,,,,,,https://x.com/search?q=from%3Apatrickcollison+Possiplex&src=typed_query,,,,https://openlibrary.org/search?q=089347004X,http://amazon.com/dp/089347004X
How to Repair Your Motorcycle (Motorbooks Workshop),,,0760331375,,0,,https://covers.openlibrary.org/b/isbn/0760331375-L.jpg,,read,,,,,,,,,,https://covers.openlibrary.org/b/isbn/0760331375-L.jpg,https://covers.openlibrary.org/b/isbn/0760331375-M.jpg,https://covers.openlibrary.org/b/isbn/0760331375-S.jpg,,,https://x.com/search?q=from%3Apatrickcollison+How+to+Repair+Your+Motorcycle+Motorbooks+Workshop&src=typed_query,,,,https://openlibrary.org/isbn/0760331375,http://amazon.com/dp/0760331375
Amazing Airplanes (Amazing Machines),,,0753459159,,0,,https://covers.openlibrary.org/b/isbn/0753459159-L.jpg,,read,,,,,,,,,,https://covers.openlibrary.org/b/isbn/0753459159-L.jpg,https://covers.openlibrary.org/b/isbn/0753459159-M.jpg,https://covers.openlibrary.org/b/isbn/0753459159-S.jpg,,,https://x.com/search?q=from%3Apatrickcollison+Amazing+Airplanes+Amazing+Machines&src=typed_query,,,,https://openlibrary.org/isbn/0753459159,http://amazon.com/dp/0753459159
Learn to Play Go,,,1453632891,,0,,https://covers.openlibrary.org/b/isbn/1453632891-L.jpg,,read,A Master's Guide to the Ultimate Game (Volume I) (Learn to Play Go Series),,,,,,,,,https://covers.openlibrary.org/b/isbn/1453632891-L.jpg,https://covers.openlibrary.org/b/isbn/1453632891-M.jpg,https://covers.openlibrary.org/b/isbn/1453632891-S.jpg,,,https://x.com/search?q=from%3Apatrickcollison+Learn+to+Play+Go&src=typed_query,,,,https://openlibrary.org/isbn/1453632891,http://amazon.com/dp/1453632891
Making Silicon Valley,,,0262622114,,0,,https://covers.openlibrary.org/b/isbn/0262622114-L.jpg,,read,"Innovation and the Growth of High Tech, 1930-1970 (Inside Technology)",,,,,,,,,https://covers.openlibrary.org/b/isbn/0262622114-L.jpg,https://covers.openlibrary.org/b/isbn/0262622114-M.jpg,https://covers.openlibrary.org/b/isbn/0262622114-S.jpg,,,https://x.com/search?q=from%3Apatrickcollison+Making+Silicon+Valley&src=typed_query,,,,https://openlibrary.org/isbn/0262622114,http://amazon.com/dp/0262622114
Lore of Running,,,0873229592,,0,,https://covers.openlibrary.org/b/isbn/0873229592-L.jpg,,read,,,,,,,,,,https://covers.openlibrary.org/b/isbn/0873229592-L.jpg,https://covers.openlibrary.org/b/isbn/0873229592-M.jpg,https://covers.openlibrary.org/b/isbn/0873229592-S.jpg,,,https://x.com/search?q=from%3Apatrickcollison+Lore+of+Running&src=typed_query,,,,https://openlibrary.org/isbn/0873229592,http://amazon.com/dp/0873229592
Pilot's Handbook of Aeronautical Knowledge,,,1560277505,,0,,https://covers.openlibrary.org/b/isbn/1560277505-L.jpg,,read,FAA-H-8083-25A (FAA Handbooks),,,,,,,,,https://covers.openlibrary.org/b/isbn/1560277505-L.jpg,https://covers.openlibrary.org/b/isbn/1560277505-M.jpg,https://covers.openlibrary.org/b/isbn/1560277505-S.jpg,,,https://x.com/search?q=from%3Apatrickcollison+Pilots+Handbook+of+Aeronautical+Knowledge&src=typed_query,,,,https://openlibrary.org/isbn/1560277505,http://amazon.com/dp/1560277505
Instrument Procedures Handbook,,,156027686X,,0,,,,read,FAA-H-8261-1A (FAA Handbooks series),,,,,,,,,,,,,,https://x.com/search?q=from%3Apatrickcollison+Instrument+Procedures+Handbook&src=typed_query,,,,https://openlibrary.org/search?q=156027686X,http://amazon.com/dp/156027686X
King Instrument Rating Knowledge Test Course,,,B000BQYFTA,,0,,,,read,,,,,,,,,,,,,,,https://x.com/search?q=from%3Apatrickcollison+King+Instrument+Rating+Knowledge+Test+Course&src=typed_query,,,,https://openlibrary.org/search?q=B000BQYFTA,http://amazon.com/dp/B000BQYFTA
Aerodynamics for Naval Aviators,,,1619540177,,0,,https://covers.openlibrary.org/b/isbn/1619540177-L.jpg,,read,NAVWEPS 00-80T-80 (FAA Handbooks series),,,,,,,,,https://covers.openlibrary.org/b/isbn/1619540177-L.jpg,https://covers.openlibrary.org/b/isbn/1619540177-M.jpg,https://covers.openlibrary.org/b/isbn/1619540177-S.jpg,,,https://x.com/search?q=from%3Apatrickcollison+Aerodynamics+for+Naval+Aviators&src=typed_query,,,,https://openlibrary.org/isbn/1619540177,http://amazon.com/dp/1619540177
Yamaha XJ600 SECA II 92-98 (Clymer Motorcycle Repair),,,0892877316,,0,,https://covers.openlibrary.org/b/isbn/0892877316-L.jpg,,read,,,,,,,,,,https://covers.openlibrary.org/b/isbn/0892877316-L.jpg,https://covers.openlibrary.org/b/isbn/0892877316-M.jpg,https://covers.openlibrary.org/b/isbn/0892877316-S.jpg,,,https://x.com/search?q=from%3Apatrickcollison+Yamaha+XJ600+SECA+II+9298+Clymer+Motorcycle+Repair&src=typed_query,,,,https://openlibrary.org/isbn/0892877316,http://amazon.com/dp/0892877316
The Non-Runner's Marathon Trainer,,,1570281823,,0,,https://covers.openlibrary.org/b/isbn/1570281823-L.jpg,,read,,,,,,,,,,https://covers.openlibrary.org/b/isbn/1570281823-L.jpg,https://covers.openlibrary.org/b/isbn/1570281823-M.jpg,https://covers.openlibrary.org/b/isbn/1570281823-S.jpg,,,https://x.com/search?q=from%3Apatrickcollison+The+NonRunners+Marathon+Trainer&src=typed_query,,,,https://openlibrary.org/isbn/1570281823,http://amazon.com/dp/1570281823
"Instrument Flight Training Manual As Developed by Professional Instrument Courses, Inc. 3rd Ed.",,,0916413268,,0,,https://covers.openlibrary.org/b/isbn/0916413268-L.jpg,,read,,,,,,,,,,https://covers.openlibrary.org/b/isbn/0916413268-L.jpg,https://covers.openlibrary.org/b/isbn/0916413268-M.jpg,https://covers.openlibrary.org/b/isbn/0916413268-S.jpg,,,https://x.com/search?q=from%3Apatrickcollison+Instrument+Flight+Training+Manual+As+Developed+by+Profession&src=typed_query,,,,https://openlibrary.org/isbn/0916413268,http://amazon.com/dp/0916413268
Jeppesen,,,0884874354,,0,,https://covers.openlibrary.org/b/isbn/0884874354-L.jpg,,read,Guided Flight Discovery: Private Pilot Maneuvers,,,,,,,,,https://covers.openlibrary.org/b/isbn/0884874354-L.jpg,https://covers.openlibrary.org/b/isbn/0884874354-M.jpg,https://covers.openlibrary.org/b/isbn/0884874354-S.jpg,,,https://x.com/search?q=from%3Apatrickcollison+Jeppesen&src=typed_query,,,,https://openlibrary.org/isbn/0884874354,http://amazon.com/dp/0884874354
Instrument Flying Handbook 2007 (FAA Handbooks),,,B002BNVKU8,,0,,,,read,,,,,,,,,,,,,,,https://x.com/search?q=from%3Apatrickcollison+Instrument+Flying+Handbook+2007+FAA+Handbooks&src=typed_query,,,,https://openlibrary.org/search?q=B002BNVKU8,http://amazon.com/dp/B002BNVKU8
The Blue Bottle Craft of Coffee,,,1607741180,,0,,https://covers.openlibrary.org/b/isbn/1607741180-L.jpg,,read,"Growing, Roasting, and Drinking, with Recipes",,,,,,,,,https://covers.openlibrary.org/b/isbn/1607741180-L.jpg,https://covers.openlibrary.org/b/isbn/1607741180-M.jpg,https://covers.openlibrary.org/b/isbn/1607741180-S.jpg,,,https://x.com/search?q=from%3Apatrickcollison+The+Blue+Bottle+Craft+of+Coffee&src=typed_query,,,,https://openlibrary.org/isbn/1607741180,http://amazon.com/dp/1607741180
"The Feynman Lectures on Physics, The Definitive Edition Volume 3 (2nd Edition)",,,0805390499,,0,,https://covers.openlibrary.org/b/isbn/0805390499-L.jpg,,read,,,,,,,,,,https://covers.openlibrary.org/b/isbn/0805390499-L.jpg,https://covers.openlibrary.org/b/isbn/0805390499-M.jpg,https://covers.openlibrary.org/b/isbn/0805390499-S.jpg,,,https://x.com/search?q=from%3Apatrickcollison+The+Feynman+Lectures+on+Physics+The+Definitive+Edition+Volum&src=typed_query,,,,https://openlibrary.org/isbn/0805390499,http://amazon.com/dp/0805390499
Guided Fight Discovery,,,B00DPBG3MK,,0,,,,read,Private Pilot,,,,,,,,,,,,,,https://x.com/search?q=from%3Apatrickcollison+Guided+Fight+Discovery&src=typed_query,,,,https://openlibrary.org/search?q=B00DPBG3MK,http://amazon.com/dp/B00DPBG3MK
The Philosophy Book,,,B0071VYB6A,,0,,,,read,,,,,,,,,,,,,,,https://x.com/search?q=from%3Apatrickcollison+The+Philosophy+Book&src=typed_query,,,,https://openlibrary.org/search?q=B0071VYB6A,http://amazon.com/dp/B0071VYB6A
The Outsiders,,,1422162672,,0,,https://covers.openlibrary.org/b/isbn/1422162672-L.jpg,,read,Eight Unconventional CEOs and Their Radically Rational Blueprint for Success,,,,,,,,,https://covers.openlibrary.org/b/isbn/1422162672-L.jpg,https://covers.openlibrary.org/b/isbn/1422162672-M.jpg,https://covers.openlibrary.org/b/isbn/1422162672-S.jpg,,,https://x.com/search?q=from%3Apatrickcollison+The+Outsiders&src=typed_query,,,,https://openlibrary.org/isbn/1422162672,http://amazon.com/dp/1422162672
Flying Across America,,,080613870X,,0,,,,read,,,,,,,,,,,,,,,https://x.com/search?q=from%3Apatrickcollison+Flying+Across+America&src=typed_query,,,,https://openlibrary.org/search?q=080613870X,http://amazon.com/dp/080613870X
The Deep,,,0226595668,,0,,https://covers.openlibrary.org/b/isbn/0226595668-L.jpg,,read,The Extraordinary Creatures of the Abyss,,,,,,,,,https://covers.openlibrary.org/b/isbn/0226595668-L.jpg,https://covers.openlibrary.org/b/isbn/0226595668-M.jpg,https://covers.openlibrary.org/b/isbn/0226595668-S.jpg,,,https://x.com/search?q=from%3Apatrickcollison+The+Deep&src=typed_query,,,,https://openlibrary.org/isbn/0226595668,http://amazon.com/dp/0226595668
"Apple Inside Macintosh, Volumes I, II, and III",,,0201177374,,0,,https://covers.openlibrary.org/b/isbn/0201177374-L.jpg,,read,,,,,,,,,,https://covers.openlibrary.org/b/isbn/0201177374-L.jpg,https://covers.openlibrary.org/b/isbn/0201177374-M.jpg,https://covers.openlibrary.org/b/isbn/0201177374-S.jpg,,,https://x.com/search?q=from%3Apatrickcollison+Apple+Inside+Macintosh+Volumes+I+II+and+III&src=typed_query,,,,https://openlibrary.org/isbn/0201177374,http://amazon.com/dp/0201177374
Bruno Munari,,,0262200651,,0,,https://covers.openlibrary.org/b/isbn/0262200651-L.jpg,,read,Design as Art,,,,,,,,,https://covers.openlibrary.org/b/isbn/0262200651-L.jpg,https://covers.openlibrary.org/b/isbn/0262200651-M.jpg,https://covers.openlibrary.org/b/isbn/0262200651-S.jpg,,,https://x.com/search?q=from%3Apatrickcollison+Bruno+Munari&src=typed_query,,,,https://openlibrary.org/isbn/0262200651,http://amazon.com/dp/0262200651
"Introduction to Algorithms, Second Edition",,,0262531968,,0,,https://covers.openlibrary.org/b/isbn/0262531968-L.jpg,,read,,,,,,,,,,https://covers.openlibrary.org/b/isbn/0262531968-L.jpg,https://covers.openlibrary.org/b/isbn/0262531968-M.jpg,https://covers.openlibrary.org/b/isbn/0262531968-S.jpg,,,https://x.com/search?q=from%3Apatrickcollison+Introduction+to+Algorithms+Second+Edition&src=typed_query,,,,https://openlibrary.org/isbn/0262531968,http://amazon.com/dp/0262531968
Coders at Work,,,1430219483,,0,,https://covers.openlibrary.org/b/isbn/1430219483-L.jpg,,read,Reflections on the Craft of Programming,,,,,,,,,https://covers.openlibrary.org/b/isbn/1430219483-L.jpg,https://covers.openlibrary.org/b/isbn/1430219483-M.jpg,https://covers.openlibrary.org/b/isbn/1430219483-S.jpg,,,https://x.com/search?q=from%3Apatrickcollison+Coders+at+Work&src=typed_query,,,,https://openlibrary.org/isbn/1430219483,http://amazon.com/dp/1430219483
The Count of Monte Cristo,,,0307271129,,4,,https://covers.openlibrary.org/b/isbn/0307271129-L.jpg,,highly-recommended,,,,,,,,,,https://covers.openlibrary.org/b/isbn/0307271129-L.jpg,https://covers.openlibrary.org/b/isbn/0307271129-M.jpg,https://covers.openlibrary.org/b/isbn/0307271129-S.jpg,,,https://x.com/search?q=from%3Apatrickcollison+The+Count+of+Monte+Cristo&src=typed_query,,,,https://openlibrary.org/isbn/0307271129,http://amazon.com/dp/0307271129
Essays of E. B. White,,,0060932236,,0,,https://covers.openlibrary.org/b/isbn/0060932236-L.jpg,,read,,,,,,,,,,https://covers.openlibrary.org/b/isbn/0060932236-L.jpg,https://covers.openlibrary.org/b/isbn/0060932236-M.jpg,https://covers.openlibrary.org/b/isbn/0060932236-S.jpg,,,https://x.com/search?q=from%3Apatrickcollison+Essays+of+E+B+White&src=typed_query,,,,https://openlibrary.org/isbn/0060932236,http://amazon.com/dp/0060932236
Reamde,,,0061977969,,0,,https://covers.openlibrary.org/b/isbn/0061977969-L.jpg,,read,A Novel,,,,,,,,,https://covers.openlibrary.org/b/isbn/0061977969-L.jpg,https://covers.openlibrary.org/b/isbn/0061977969-M.jpg,https://covers.openlibrary.org/b/isbn/0061977969-S.jpg,,,https://x.com/search?q=from%3Apatrickcollison+Reamde&src=typed_query,,,,https://openlibrary.org/isbn/0061977969,http://amazon.com/dp/0061977969
Venture Deals,,,0470929820,,0,,https://covers.openlibrary.org/b/isbn/0470929820-L.jpg,,read,Be Smarter Than Your Lawyer and Venture Capitalist,,,,,,,,,https://covers.openlibrary.org/b/isbn/0470929820-L.jpg,https://covers.openlibrary.org/b/isbn/0470929820-M.jpg,https://covers.openlibrary.org/b/isbn/0470929820-S.jpg,,,https://x.com/search?q=from%3Apatrickcollison+Venture+Deals&src=typed_query,,,,https://openlibrary.org/isbn/0470929820,http://amazon.com/dp/0470929820
Asimov's New Guide to Science,,,0140172130,,4,,https://covers.openlibrary.org/b/isbn/0140172130-L.jpg,,highly-recommended,,,,,,,,,,https://covers.openlibrary.org/b/isbn/0140172130-L.jpg,https://covers.openlibrary.org/b/isbn/0140172130-M.jpg,https://covers.openlibrary.org/b/isbn/0140172130-S.jpg,,,https://x.com/search?q=from%3Apatrickcollison+Asimovs+New+Guide+to+Science&src=typed_query,,,,https://openlibrary.org/isbn/0140172130,http://amazon.com/dp/0140172130
Pyongyang,,,1897299214,,0,,https://covers.openlibrary.org/b/isbn/1897299214-L.jpg,,read,A Journey in North Korea,,,,,,,,,https://covers.openlibrary.org/b/isbn/1897299214-L.jpg,https://covers.openlibrary.org/b/isbn/1897299214-M.jpg,https://covers.openlibrary.org/b/isbn/1897299214-S.jpg,,,https://x.com/search?q=from%3Apatrickcollison+Pyongyang&src=typed_query,,,,https://openlibrary.org/isbn/1897299214,http://amazon.com/dp/1897299214
A Small Matter of Programming,,,0262140535,,0,,https://covers.openlibrary.org/b/isbn/0262140535-L.jpg,,read,Perspectives on End User Computing,,,,,,,,,https://covers.openlibrary.org/b/isbn/0262140535-L.jpg,https://covers.openlibrary.org/b/isbn/0262140535-M.jpg,https://covers.openlibrary.org/b/isbn/0262140535-S.jpg,,,https://x.com/search?q=from%3Apatrickcollison+A+Small+Matter+of+Programming&src=typed_query,,,,https://openlibrary.org/isbn/0262140535,http://amazon.com/dp/0262140535
The Elements of Typographic Style,,,0881792063,,0,,https://covers.openlibrary.org/b/isbn/0881792063-L.jpg,,read,,,,,,,,,,https://covers.openlibrary.org/b/isbn/0881792063-L.jpg,https://covers.openlibrary.org/b/isbn/0881792063-M.jpg,https://covers.openlibrary.org/b/isbn/0881792063-S.jpg,,,https://x.com/search?q=from%3Apatrickcollison+The+Elements+of+Typographic+Style&src=typed_query,,,,https://openlibrary.org/isbn/0881792063,http://amazon.com/dp/0881792063
The Periodic Table,,,0805210415,,0,,https://covers.openlibrary.org/b/isbn/0805210415-L.jpg,,read,,,,,,,,,,https://covers.openlibrary.org/b/isbn/0805210415-L.jpg,https://covers.openlibrary.org/b/isbn/0805210415-M.jpg,https://covers.openlibrary.org/b/isbn/0805210415-S.jpg,,,https://x.com/search?q=from%3Apatrickcollison+The+Periodic+Table&src=typed_query,,,,https://openlibrary.org/isbn/0805210415,http://amazon.com/dp/0805210415
"""A Problem from Hell""",,,0465061516,,0,,https://covers.openlibrary.org/b/isbn/0465061516-L.jpg,,read,America and the Age of Genocide,,,,,,,,,https://covers.openlibrary.org/b/isbn/0465061516-L.jpg,https://covers.openlibrary.org/b/isbn/0465061516-M.jpg,https://covers.openlibrary.org/b/isbn/0465061516-S.jpg,,,https://x.com/search?q=from%3Apatrickcollison+A+Problem+from+Hell&src=typed_query,,,,https://openlibrary.org/isbn/0465061516,http://amazon.com/dp/0465061516
The Clash Of Civilizations,,,074323149X,,0,,,,read,And The Remaking Of World Order,,,,,,,,,,,,,,https://x.com/search?q=from%3Apatrickcollison+The+Clash+Of+Civilizations&src=typed_query,,,,https://openlibrary.org/search?q=074323149X,http://www.amazon.co.uk/The-Clash-Of-Civilizations-Remaking/dp/074323149X
Letters to a Young Contrarian (Art of Mentoring),,,0465030335,,0,,https://covers.openlibrary.org/b/isbn/0465030335-L.jpg,,read,,,,,,,,,,https://covers.openlibrary.org/b/isbn/0465030335-L.jpg,https://covers.openlibrary.org/b/isbn/0465030335-M.jpg,https://covers.openlibrary.org/b/isbn/0465030335-S.jpg,,,https://x.com/search?q=from%3Apatrickcollison+Letters+to+a+Young+Contrarian+Art+of+Mentoring&src=typed_query,,,,https://openlibrary.org/isbn/0465030335,http://amazon.com/dp/0465030335
An Essay on Typography First Thus Edition,,,0879237627,,0,,https://covers.openlibrary.org/b/isbn/0879237627-L.jpg,,read,,,,,,,,,,https://covers.openlibrary.org/b/isbn/0879237627-L.jpg,https://covers.openlibrary.org/b/isbn/0879237627-M.jpg,https://covers.openlibrary.org/b/isbn/0879237627-S.jpg,,,https://x.com/search?q=from%3Apatrickcollison+An+Essay+on+Typography+First+Thus+Edition&src=typed_query,,,,https://openlibrary.org/isbn/0879237627,http://amazon.com/dp/0879237627
Principles of Quantum Mechanics,,,0198512082,,0,,https://covers.openlibrary.org/b/isbn/0198512082-L.jpg,,read,,,,,,,,,,https://covers.openlibrary.org/b/isbn/0198512082-L.jpg,https://covers.openlibrary.org/b/isbn/0198512082-M.jpg,https://covers.openlibrary.org/b/isbn/0198512082-S.jpg,,,https://x.com/search?q=from%3Apatrickcollison+Principles+of+Quantum+Mechanics&src=typed_query,,,,https://openlibrary.org/isbn/0198512082,http://amazon.com/dp/0198512082
The Entrepreneur's Manual,,,0801964547,,0,,https://covers.openlibrary.org/b/isbn/0801964547-L.jpg,,read,"Business Start-Ups, Spin-Offs, and Innovative Management",,,,,,,,,https://covers.openlibrary.org/b/isbn/0801964547-L.jpg,https://covers.openlibrary.org/b/isbn/0801964547-M.jpg,https://covers.openlibrary.org/b/isbn/0801964547-S.jpg,,,https://x.com/search?q=from%3Apatrickcollison+The+Entrepreneurs+Manual&src=typed_query,,,,https://openlibrary.org/isbn/0801964547,http://amazon.com/dp/0801964547
The Information,,,B00HTJZKTG,,0,,,,read,"A History, a Theory, a Flood",,,,,,,,,,,,,,https://x.com/search?q=from%3Apatrickcollison+The+Information&src=typed_query,,,,https://openlibrary.org/search?q=B00HTJZKTG,http://amazon.com/dp/B00HTJZKTG
Thinking in Time,,,0029227917,,0,,https://covers.openlibrary.org/b/isbn/0029227917-L.jpg,,read,The Uses of History for Decision-Makers,,,,,,,,,https://covers.openlibrary.org/b/isbn/0029227917-L.jpg,https://covers.openlibrary.org/b/isbn/0029227917-M.jpg,https://covers.openlibrary.org/b/isbn/0029227917-S.jpg,,,https://x.com/search?q=from%3Apatrickcollison+Thinking+in+Time&src=typed_query,,,,https://openlibrary.org/isbn/0029227917,http://amazon.com/dp/0029227917
The New Typography,,,0520071468,,0,,https://covers.openlibrary.org/b/isbn/0520071468-L.jpg,,read,A Handbook for Modern Designers (1st English translation),,,,,,,,,https://covers.openlibrary.org/b/isbn/0520071468-L.jpg,https://covers.openlibrary.org/b/isbn/0520071468-M.jpg,https://covers.openlibrary.org/b/isbn/0520071468-S.jpg,,,https://x.com/search?q=from%3Apatrickcollison+The+New+Typography&src=typed_query,,,,https://openlibrary.org/isbn/0520071468,http://amazon.com/dp/0520071468
India Becoming,,,1594488193,,0,,https://covers.openlibrary.org/b/isbn/1594488193-L.jpg,,read,A Portrait of Life in Modern India,,,,,,,,,https://covers.openlibrary.org/b/isbn/1594488193-L.jpg,https://covers.openlibrary.org/b/isbn/1594488193-M.jpg,https://covers.openlibrary.org/b/isbn/1594488193-S.jpg,,,https://x.com/search?q=from%3Apatrickcollison+India+Becoming&src=typed_query,,,,https://openlibrary.org/isbn/1594488193,http://amazon.com/dp/1594488193
A Devil's Chaplain,,,0618335404,,0,,https://covers.openlibrary.org/b/isbn/0618335404-L.jpg,,read,"Reflections on Hope, Lies, Science, and Love",,,,,,,,,https://covers.openlibrary.org/b/isbn/0618335404-L.jpg,https://covers.openlibrary.org/b/isbn/0618335404-M.jpg,https://covers.openlibrary.org/b/isbn/0618335404-S.jpg,,,https://x.com/search?q=from%3Apatrickcollison+A+Devils+Chaplain&src=typed_query,,,,https://openlibrary.org/isbn/0618335404,http://amazon.com/dp/0618335404
Common LISP. The Language.,,,1555580416,,0,,https://covers.openlibrary.org/b/isbn/1555580416-L.jpg,,read,,,,,,,,,,https://covers.openlibrary.org/b/isbn/1555580416-L.jpg,https://covers.openlibrary.org/b/isbn/1555580416-M.jpg,https://covers.openlibrary.org/b/isbn/1555580416-S.jpg,,,https://x.com/search?q=from%3Apatrickcollison+Common+LISP+The+Language&src=typed_query,,,,https://openlibrary.org/isbn/1555580416,http://amazon.com/dp/1555580416
Semiology of Graphics,,,1589482611,,0,,https://covers.openlibrary.org/b/isbn/1589482611-L.jpg,,read,"Diagrams, Networks, Maps",,,,,,,,,https://covers.openlibrary.org/b/isbn/1589482611-L.jpg,https://covers.openlibrary.org/b/isbn/1589482611-M.jpg,https://covers.openlibrary.org/b/isbn/1589482611-S.jpg,,,https://x.com/search?q=from%3Apatrickcollison+Semiology+of+Graphics&src=typed_query,,,,https://openlibrary.org/isbn/1589482611,http://amazon.com/dp/1589482611
Inside WikiLeaks,,,030795191X,,0,,,,read,,,,,,,,,,,,,,,https://x.com/search?q=from%3Apatrickcollison+Inside+WikiLeaks&src=typed_query,,,,https://openlibrary.org/search?q=030795191X,http://amazon.com/dp/030795191X
A Fine Balance,,,140003065X,,0,,,,read,,,,,,,,,,,,,,,https://x.com/search?q=from%3Apatrickcollison+A+Fine+Balance&src=typed_query,,,,https://openlibrary.org/search?q=140003065X,http://amazon.com/dp/140003065X
The Charisma Myth,,,1591844568,,0,,https://covers.openlibrary.org/b/isbn/1591844568-L.jpg,,read,,,,,,,,,,https://covers.openlibrary.org/b/isbn/1591844568-L.jpg,https://covers.openlibrary.org/b/isbn/1591844568-M.jpg,https://covers.openlibrary.org/b/isbn/1591844568-S.jpg,,,https://x.com/search?q=from%3Apatrickcollison+The+Charisma+Myth&src=typed_query,,,,https://openlibrary.org/isbn/1591844568,http://amazon.com/dp/1591844568
Le Ton Beau De Marot,,,0465086454,,0,,https://covers.openlibrary.org/b/isbn/0465086454-L.jpg,,read,In Praise Of The Music Of Language,,,,,,,,,https://covers.openlibrary.org/b/isbn/0465086454-L.jpg,https://covers.openlibrary.org/b/isbn/0465086454-M.jpg,https://covers.openlibrary.org/b/isbn/0465086454-S.jpg,,,https://x.com/search?q=from%3Apatrickcollison+Le+Ton+Beau+De+Marot&src=typed_query,,,,https://openlibrary.org/isbn/0465086454,http://amazon.com/dp/0465086454
The Structure of Scientific Revolutions,,,0226458083,,0,,https://covers.openlibrary.org/b/isbn/0226458083-L.jpg,,read,,,,,,,,,,https://covers.openlibrary.org/b/isbn/0226458083-L.jpg,https://covers.openlibrary.org/b/isbn/0226458083-M.jpg,https://covers.openlibrary.org/b/isbn/0226458083-S.jpg,,,https://x.com/search?q=from%3Apatrickcollison+The+Structure+of+Scientific+Revolutions&src=typed_query,,,,https://openlibrary.org/isbn/0226458083,http://amazon.com/dp/0226458083
Paradise Lost,,,0140424393,,0,,https://covers.openlibrary.org/b/isbn/0140424393-L.jpg,,read,,,,,,,,,,https://covers.openlibrary.org/b/isbn/0140424393-L.jpg,https://covers.openlibrary.org/b/isbn/0140424393-M.jpg,https://covers.openlibrary.org/b/isbn/0140424393-S.jpg,,,https://x.com/search?q=from%3Apatrickcollison+Paradise+Lost&src=typed_query,,,,https://openlibrary.org/isbn/0140424393,http://amazon.com/dp/0140424393
The Copernican Revolution,,,0674171039,,0,,https://covers.openlibrary.org/b/isbn/0674171039-L.jpg,,read,Planetary Astronomy in the Development of Western Thought,,,,,,,,,https://covers.openlibrary.org/b/isbn/0674171039-L.jpg,https://covers.openlibrary.org/b/isbn/0674171039-M.jpg,https://covers.openlibrary.org/b/isbn/0674171039-S.jpg,,,https://x.com/search?q=from%3Apatrickcollison+The+Copernican+Revolution&src=typed_query,,,,https://openlibrary.org/isbn/0674171039,http://amazon.com/dp/0674171039
Theoretical Aerodynamics,,,048661980X,,0,,,,read,,,,,,,,,,,,,,,https://x.com/search?q=from%3Apatrickcollison+Theoretical+Aerodynamics&src=typed_query,,,,https://openlibrary.org/search?q=048661980X,http://amazon.com/dp/048661980X
Red Plenty,,,0571225233,,0,,https://covers.openlibrary.org/b/isbn/0571225233-L.jpg,,read,,,,,,,,,,https://covers.openlibrary.org/b/isbn/0571225233-L.jpg,https://covers.openlibrary.org/b/isbn/0571225233-M.jpg,https://covers.openlibrary.org/b/isbn/0571225233-S.jpg,,,https://x.com/search?q=from%3Apatrickcollison+Red+Plenty&src=typed_query,,,,https://openlibrary.org/isbn/0571225233,http://amazon.com/dp/0571225233
A Journey,,,0307390632,,0,,https://covers.openlibrary.org/b/isbn/0307390632-L.jpg,,read,My Political Life,,,,,,,,,https://covers.openlibrary.org/b/isbn/0307390632-L.jpg,https://covers.openlibrary.org/b/isbn/0307390632-M.jpg,https://covers.openlibrary.org/b/isbn/0307390632-S.jpg,,,https://x.com/search?q=from%3Apatrickcollison+A+Journey&src=typed_query,,,,https://openlibrary.org/isbn/0307390632,http://amazon.com/dp/0307390632
Roskam's Airplane War Stories,,,1884885578,,0,,https://covers.openlibrary.org/b/isbn/1884885578-L.jpg,,read,"An Account of the Professional Life and Work of Dr. Jan Roskam, Airplane Designer and Teacher",,,,,,,,,https://covers.openlibrary.org/b/isbn/1884885578-L.jpg,https://covers.openlibrary.org/b/isbn/1884885578-M.jpg,https://covers.openlibrary.org/b/isbn/1884885578-S.jpg,,,https://x.com/search?q=from%3Apatrickcollison+Roskams+Airplane+War+Stories&src=typed_query,,,,https://openlibrary.org/isbn/1884885578,http://amazon.com/dp/1884885578
The Winged Gospel,,,0195033566,,0,,https://covers.openlibrary.org/b/isbn/0195033566-L.jpg,,read,"America's Romance with Aviation, 1900-1950",,,,,,,,,https://covers.openlibrary.org/b/isbn/0195033566-L.jpg,https://covers.openlibrary.org/b/isbn/0195033566-M.jpg,https://covers.openlibrary.org/b/isbn/0195033566-S.jpg,,,https://x.com/search?q=from%3Apatrickcollison+The+Winged+Gospel&src=typed_query,,,,https://openlibrary.org/isbn/0195033566,http://amazon.com/dp/0195033566
Computer Lib,,,0893470023,,0,,https://covers.openlibrary.org/b/isbn/0893470023-L.jpg,,read,,,,,,,,,,https://covers.openlibrary.org/b/isbn/0893470023-L.jpg,https://covers.openlibrary.org/b/isbn/0893470023-M.jpg,https://covers.openlibrary.org/b/isbn/0893470023-S.jpg,,,https://x.com/search?q=from%3Apatrickcollison+Computer+Lib&src=typed_query,,,,https://openlibrary.org/isbn/0893470023,http://amazon.com/dp/0893470023
The Millennium Whole Earth Catalog,,,0062510592,,0,,https://covers.openlibrary.org/b/isbn/0062510592-L.jpg,,read,,,,,,,,,,https://covers.openlibrary.org/b/isbn/0062510592-L.jpg,https://covers.openlibrary.org/b/isbn/0062510592-M.jpg,https://covers.openlibrary.org/b/isbn/0062510592-S.jpg,,,https://x.com/search?q=from%3Apatrickcollison+The+Millennium+Whole+Earth+Catalog&src=typed_query,,,,https://openlibrary.org/isbn/0062510592,http://amazon.com/dp/0062510592
Whole Earth Epilog,,,0140039503,,0,,https://covers.openlibrary.org/b/isbn/0140039503-L.jpg,,read,Access to Tools,,,,,,,,,https://covers.openlibrary.org/b/isbn/0140039503-L.jpg,https://covers.openlibrary.org/b/isbn/0140039503-M.jpg,https://covers.openlibrary.org/b/isbn/0140039503-S.jpg,,,https://x.com/search?q=from%3Apatrickcollison+Whole+Earth+Epilog&src=typed_query,,,,https://openlibrary.org/isbn/0140039503,http://amazon.com/dp/0140039503
The Next Whole Earth Catalog,,,0394739515,,0,,https://covers.openlibrary.org/b/isbn/0394739515-L.jpg,,read,,,,,,,,,,https://covers.openlibrary.org/b/isbn/0394739515-L.jpg,https://covers.openlibrary.org/b/isbn/0394739515-M.jpg,https://covers.openlibrary.org/b/isbn/0394739515-S.jpg,,,https://x.com/search?q=from%3Apatrickcollison+The+Next+Whole+Earth+Catalog&src=typed_query,,,,https://openlibrary.org/isbn/0394739515,http://amazon.com/dp/0394739515
The Great Fire,,,0374278210,,0,,https://covers.openlibrary.org/b/isbn/0374278210-L.jpg,,read,,,,,,,,,,https://covers.openlibrary.org/b/isbn/0374278210-L.jpg,https://covers.openlibrary.org/b/isbn/0374278210-M.jpg,https://covers.openlibrary.org/b/isbn/0374278210-S.jpg,,,https://x.com/search?q=from%3Apatrickcollison+The+Great+Fire&src=typed_query,,,,https://openlibrary.org/isbn/0374278210,http://amazon.com/dp/0374278210
The Power Broker,,,0394720245,,0,,https://covers.openlibrary.org/b/isbn/0394720245-L.jpg,,read,Robert Moses and the Fall of New York,,,,,,,,,https://covers.openlibrary.org/b/isbn/0394720245-L.jpg,https://covers.openlibrary.org/b/isbn/0394720245-M.jpg,https://covers.openlibrary.org/b/isbn/0394720245-S.jpg,,,https://x.com/search?q=from%3Apatrickcollison+The+Power+Broker&src=typed_query,,,,https://openlibrary.org/isbn/0394720245,http://amazon.com/dp/0394720245
